-- phpMyAdmin SQL Dump
-- version 3.3.8.1
-- http://www.phpmyadmin.net
--
-- 主机: w.rdc.sae.sina.com.cn:3307
-- 生成日期: 2014 年 07 月 12 日 19:26
-- 服务器版本: 5.5.23
-- PHP 版本: 5.3.3

SET SQL_MODE="NO_AUTO_VALUE_ON_ZERO";


/*!40101 SET @OLD_CHARACTER_SET_CLIENT=@@CHARACTER_SET_CLIENT */;
/*!40101 SET @OLD_CHARACTER_SET_RESULTS=@@CHARACTER_SET_RESULTS */;
/*!40101 SET @OLD_COLLATION_CONNECTION=@@COLLATION_CONNECTION */;
/*!40101 SET NAMES utf8 */;

--
-- 数据库: `app_jilv`
--

-- --------------------------------------------------------

--
-- 表的结构 `app_cate_filter`
--

CREATE TABLE IF NOT EXISTS `app_cate_filter` (
  `id` int(11) NOT NULL AUTO_INCREMENT,
  `page_view` varchar(32) NOT NULL,
  `cate_type` varchar(20) NOT NULL,
  `cate_label` varchar(20) NOT NULL,
  `cate_value` varchar(10) NOT NULL,
  `pic_url` varchar(250) NOT NULL,
  `view_order` int(11) NOT NULL,
  `user_id` int(11) NOT NULL,
  `status` int(11) NOT NULL,
  `update_time` datetime NOT NULL,
  PRIMARY KEY (`id`)
) ENGINE=MyISAM  DEFAULT CHARSET=utf8 AUTO_INCREMENT=17 ;

--
-- 转存表中的数据 `app_cate_filter`
--

INSERT INTO `app_cate_filter` (`id`, `page_view`, `cate_type`, `cate_label`, `cate_value`, `pic_url`, `view_order`, `user_id`, `status`, `update_time`) VALUES
(1, 'cate', 'dest', '亚洲', '', '', 1, 0, 0, '2014-05-31 16:33:44'),
(2, 'cate', 'dest', '欧洲', '', '', 2, 0, 0, '0000-00-00 00:00:00'),
(3, 'cate', 'dest', '美洲', '', '', 3, 0, 0, '0000-00-00 00:00:00'),
(4, 'cate', 'product_type', '旅行', '', '', 1, 0, 0, '0000-00-00 00:00:00'),
(5, 'cate', 'product_type', '度假', '', '', 2, 0, 0, '0000-00-00 00:00:00'),
(6, 'cate', 'product_type', '水上活动', '', '', 3, 0, 0, '0000-00-00 00:00:00'),
(7, 'cate', 'lang', '中国语', '', '', 1, 0, 0, '0000-00-00 00:00:00'),
(8, 'cate', 'lang', '日本语', '', '', 2, 0, 0, '0000-00-00 00:00:00'),
(9, 'cate', 'active_time', '一天', '', '', 1, 0, 0, '0000-00-00 00:00:00'),
(10, 'cate', 'active_time', '两天', '', '', 2, 0, 0, '0000-00-00 00:00:00'),
(11, 'cate', 'user_type', '团体', '', '', 0, 0, 0, '0000-00-00 00:00:00'),
(12, 'cate', 'user_type', '个人', '', '', 0, 0, 0, '0000-00-00 00:00:00'),
(13, 'home', 'product_type', '潜水', '', 'http://jilv1.b0.upaiyun.com/jilv/2014_06_05/jilv_225304.jpg', 0, 2, 1, '0000-00-00 00:00:00'),
(14, 'home', 'dest', '泰国', '', '', 0, 0, 9, '0000-00-00 00:00:00'),
(15, 'home', 'dest', '泰国', 'a', 'http://jilv1.b0.upaiyun.com/jilv/2014_06_05/jilv_161952.png', 3, 2, 1, '0000-00-00 00:00:00'),
(16, 'home', 'dest', '泰国', 'test', 'http://jilv1.b0.upaiyun.com/jilv/2014_06_05/jilv_161952.png', 3, 2, 1, '0000-00-00 00:00:00');

-- --------------------------------------------------------

--
-- 表的结构 `app_home_page`
--

CREATE TABLE IF NOT EXISTS `app_home_page` (
  `id` int(11) NOT NULL AUTO_INCREMENT,
  `url` varchar(250) NOT NULL,
  `active` int(11) NOT NULL,
  `user_id` int(11) NOT NULL,
  `create_time` datetime NOT NULL,
  PRIMARY KEY (`id`)
) ENGINE=MyISAM  DEFAULT CHARSET=utf8 AUTO_INCREMENT=5 ;

--
-- 转存表中的数据 `app_home_page`
--

INSERT INTO `app_home_page` (`id`, `url`, `active`, `user_id`, `create_time`) VALUES
(1, 'http://mobile01.b0.upaiyun.com/jilv/product/2014_05_28/jilv_093124.jpg', 9, 2, '2014-06-05 00:00:00'),
(2, 'http://mobile01.b0.upaiyun.com/jilv/product/2014_05_28/jilv_093124.jpg', 9, 2, '2014-06-05 09:31:54'),
(3, 'http://jilv-ad.b0.upaiyun.com/jilv/2014_06_05/jilv_111530.jpg', 0, 2, '2014-06-05 11:15:50'),
(4, 'http://jilv-ad.b0.upaiyun.com/jilv/2014_06_05/jilv_115512.jpg', 1, 2, '2014-06-05 11:55:14');

-- --------------------------------------------------------

--
-- 表的结构 `language_list`
--

CREATE TABLE IF NOT EXISTS `language_list` (
  `code` int(11) NOT NULL,
  `name` varchar(10) NOT NULL,
  `view_order` int(11) NOT NULL,
  `update_time` int(11) NOT NULL,
  PRIMARY KEY (`code`),
  UNIQUE KEY `name` (`name`)
) ENGINE=MyISAM DEFAULT CHARSET=utf8;

--
-- 转存表中的数据 `language_list`
--


-- --------------------------------------------------------

--
-- 表的结构 `location_list`
--

CREATE TABLE IF NOT EXISTS `location_list` (
  `code` int(11) NOT NULL,
  `name` int(20) NOT NULL,
  `parent_code` int(11) NOT NULL,
  `update_time` datetime NOT NULL,
  UNIQUE KEY `code` (`code`)
) ENGINE=MyISAM DEFAULT CHARSET=utf8;

--
-- 转存表中的数据 `location_list`
--


-- --------------------------------------------------------

--
-- 表的结构 `shop_business_enter_info`
--

CREATE TABLE IF NOT EXISTS `shop_business_enter_info` (
  `shop_id` bigint(25) NOT NULL AUTO_INCREMENT,
  `sid` bigint(25) NOT NULL,
  `subject` varchar(25) NOT NULL,
  `shop_name` varchar(50) NOT NULL,
  `surname` varchar(20) NOT NULL COMMENT '//姓氏',
  `forename` varchar(25) NOT NULL COMMENT '//名字',
  `sex` enum('1','2') NOT NULL COMMENT '//1男，2女',
  `authentication` varchar(200) NOT NULL,
  `registration_name` varchar(100) NOT NULL,
  `postcode` varchar(20) NOT NULL,
  `continent` varchar(50) NOT NULL,
  `country` varchar(100) NOT NULL,
  `city` varchar(100) NOT NULL,
  `address` varchar(200) NOT NULL,
  `location` varchar(200) NOT NULL COMMENT '//全地址',
  `web_url` varchar(200) NOT NULL,
  `license` varchar(200) NOT NULL COMMENT '//营业执照',
  `tel` varchar(20) NOT NULL,
  `qq` varchar(20) NOT NULL,
  `wx` varchar(50) NOT NULL,
  `wb` varchar(100) NOT NULL,
  `logo` varchar(200) NOT NULL,
  `description` varchar(500) NOT NULL COMMENT '//商家简介',
  `verify_status` tinyint(3) NOT NULL COMMENT '//1为审核 2驳回',
  `refund_content` text NOT NULL,
  `create_time` datetime NOT NULL,
  `update_time` datetime NOT NULL,
  PRIMARY KEY (`shop_id`),
  UNIQUE KEY `sid` (`sid`)
) ENGINE=MyISAM  DEFAULT CHARSET=utf8 AUTO_INCREMENT=9 ;

--
-- 转存表中的数据 `shop_business_enter_info`
--

INSERT INTO `shop_business_enter_info` (`shop_id`, `sid`, `subject`, `shop_name`, `surname`, `forename`, `sex`, `authentication`, `registration_name`, `postcode`, `continent`, `country`, `city`, `address`, `location`, `web_url`, `license`, `tel`, `qq`, `wx`, `wb`, `logo`, `description`, `verify_status`, `refund_content`, `create_time`, `update_time`) VALUES
(3, 1, '组织', '杭州淘点1', '金1', '点点1', '2', 'http://mobile01.b0.upaiyun.com/jilv/authentication/2014_05_23/jilv_131910.jpg', '杭州淘点点1', '4350001', '亚洲', '韩国', '首尔', '惠兴路1', '湖北省武汉市武昌区惠兴路1', 'www.mty365.com1', 'http://mobile01.b0.upaiyun.com/jilv/license/2014_05_23/jilv_131931.jpg', '13265431273', '1235461', 'we', '223', 'http://mobile01.b0.upaiyun.com/jilv/logo/2014_05_23/jilv_131946.png', '淘点点1', 0, '{"refund_excuse":"\\u6d4b\\u8bd5","refund_proof":"http:\\/\\/mobile01.b0.upaiyun.com\\/jilv\\/verify\\/2014_05_27\\/jilv_151035.jpg","refund_user":"23455","refund_date":"2014-05-30 14:47:01"}', '2014-06-03 09:31:30', '2014-06-03 09:31:30'),
(5, 3, '个体', '淘点科技', '吴', '大龙', '1', 'http://mobile01.b0.upaiyun.com/jilv/authentication/2014_05_27/jilv_095654.jpg', '大龙', '', '亚洲', '日本', '东京', '测试', '', '', 'http://mobile01.b0.upaiyun.com/jilv/license/2014_05_27/jilv_095708.jpg', '13889836454', '', '', '', 'http://mobile01.b0.upaiyun.com/jilv/logo/2014_05_27/jilv_095714.png', '好', 1, '', '2014-06-07 09:19:02', '2014-06-07 09:19:02'),
(6, 4, '企业', '马代潜水', 'michael', 'jeams', '1', 'http://mobile01.b0.upaiyun.com/jilv/authentication/2014_05_27/jilv_144759.jpg', '马代PADI潜水中心', '1200000', '亚洲', '马尔代夫', '马累', '1-222-3', '', '', 'http://mobile01.b0.upaiyun.com/jilv/license/2014_05_27/jilv_144834.jpg', '18766512890', '', '', '', 'http://mobile01.b0.upaiyun.com/jilv/logo/2014_05_27/jilv_145111.jpg', '马尔代夫首家中文潜水中心', 1, '', '2014-05-27 14:53:09', '2014-05-27 14:53:09'),
(7, 5, '个体', '222222222222222222222', '2222222222222', '2222222222222', '1', 'http://mobile01.b0.upaiyun.com/jilv/authentication/2014_05_27/jilv_145529.png', '222222222222', '2222222222222', '港澳台', '香港', '南丫岛', '2222222222222222', '', '22222222222222222222', 'http://mobile01.b0.upaiyun.com/jilv/license/2014_05_27/jilv_145455.png', '13910101011', '', '', '', 'http://mobile01.b0.upaiyun.com/jilv/logo/2014_05_27/jilv_145511.png', '2222222222222222', 2, '{"refund_excuse":"\\u540d\\u5b57\\u975e\\u6cd5","refund_date":"2014-06-06 17:40:05"}', '2014-06-03 11:25:25', '2014-06-03 11:25:25'),
(8, 2, '旅行社', '测试', '吴', '大龙', '1', 'http://jishop.b0.upaiyun.com/jilv/authentication/2014_06_06/jilv_162257.jpg', '淘点科技', '310000', '亚洲', '日本', '东京', '测试', '', '', 'http://jishop.b0.upaiyun.com/jilv/license/2014_06_06/jilv_162330.jpg', '13889836454', '', '', '', 'http://jilv1.b0.upaiyun.com/jilv/logo/2014_06_06/jilv_162344.png', '订单', 0, '', '2014-06-06 16:25:01', '2014-06-06 16:25:01');

-- --------------------------------------------------------

--
-- 表的结构 `shop_login_info`
--

CREATE TABLE IF NOT EXISTS `shop_login_info` (
  `id` bigint(20) NOT NULL AUTO_INCREMENT,
  `name` varchar(100) NOT NULL,
  `email` varchar(100) NOT NULL,
  `password` varchar(100) NOT NULL,
  `is_admin` int(11) NOT NULL,
  `create_time` datetime NOT NULL,
  PRIMARY KEY (`id`),
  UNIQUE KEY `email` (`email`)
) ENGINE=MyISAM  DEFAULT CHARSET=utf8 AUTO_INCREMENT=10 ;

--
-- 转存表中的数据 `shop_login_info`
--

INSERT INTO `shop_login_info` (`id`, `name`, `email`, `password`, `is_admin`, `create_time`) VALUES
(8, 'abc', 'info@jilvtrip.com', 'cc416dda043bdb06a681885bef820ed6', 0, '2014-06-12 21:24:43'),
(9, 'abctour', '1138442067@qq.com', 'c74f93d01c266a6387c686368952886b', 0, '2014-06-12 21:25:32');

-- --------------------------------------------------------

--
-- 表的结构 `shop_product_info`
--

CREATE TABLE IF NOT EXISTS `shop_product_info` (
  `id` bigint(25) NOT NULL AUTO_INCREMENT,
  `shop_id` bigint(25) NOT NULL,
  `name` varchar(50) NOT NULL,
  `verify_status` int(11) NOT NULL,
  `refund_content` text NOT NULL,
  `description` varchar(500) NOT NULL,
  `type_select` smallint(6) NOT NULL COMMENT '//大类',
  `topic_select` int(11) NOT NULL COMMENT '//中类',
  `detail_select` int(11) NOT NULL COMMENT '//小类',
  `continent` varchar(100) NOT NULL,
  `country` varchar(100) NOT NULL,
  `city` varchar(100) NOT NULL,
  `address` varchar(500) NOT NULL,
  `language` varchar(200) NOT NULL,
  `arrive_way` varchar(500) NOT NULL,
  `tips` varchar(500) NOT NULL,
  `pic_list` text NOT NULL,
  `create_time` datetime NOT NULL,
  `update_time` datetime NOT NULL,
  PRIMARY KEY (`id`)
) ENGINE=MyISAM  DEFAULT CHARSET=utf8 AUTO_INCREMENT=15 ;

--
-- 转存表中的数据 `shop_product_info`
--

INSERT INTO `shop_product_info` (`id`, `shop_id`, `name`, `verify_status`, `refund_content`, `description`, `type_select`, `topic_select`, `detail_select`, `continent`, `country`, `city`, `address`, `language`, `arrive_way`, `tips`, `pic_list`, `create_time`, `update_time`) VALUES
(5, 3, '曼谷三日游', 0, '', '曼谷三日游\n曼谷三日游\n曼谷三日游', 1, 1, 78, '亚洲', '泰国', '曼谷', '曼谷', '中国语;孟加拉语;英语', '飞机', '注意安全', 'http://mobile01.b0.upaiyun.com/jilv/product/2014_05_28/jilv_093124.jpg;http://mobile01.b0.upaiyun.com/jilv/product/2014_05_28/jilv_093252.jpg', '2014-05-30 13:20:41', '2014-05-30 13:20:41'),
(6, 6, '是打发斯蒂芬阿斯蒂芬', 0, '', '阿斯顿发送到发送的发生的发生的发生地方', 0, 0, 0, '美洲', '海地', '海地', '333', '中国语;韩语', '', '', 'http://mobile01.b0.upaiyun.com/jilv/product/2014_05_28/jilv_095139.jpg', '2014-05-28 23:42:31', '2014-05-28 23:42:31'),
(7, 5, '体育', 1, '', '测试', 0, 0, 0, '亚洲', '日本', '东京', '杭州市上城区惠兴路12号', '中国语;西班牙语', '', '', 'http://mobile01.b0.upaiyun.com/jilv/product/2014_05_28/jilv_095645.png', '2014-05-29 16:04:18', '2014-05-29 16:04:18'),
(10, 3, '法国七日游', 1, '', '美丽而浪漫的法国', 0, 0, 0, '欧洲', '法国', '戛纳', '路易路15号', '中国语;俄语;法语', '', '', 'http://mobile01.b0.upaiyun.com/jilv/product/2014_05_30/jilv_093147.jpg;http://mobile01.b0.upaiyun.com/jilv/product/2014_05_30/jilv_093158.jpeg', '2014-05-30 09:32:01', '2014-05-30 09:32:01'),
(9, 5, '行业新闻', 1, '', '订单', 0, 0, 0, '美洲', '美国', '华盛顿DC', '33', '中国语;俄语', '', '', 'http://mobile01.b0.upaiyun.com/jilv/product/2014_05_29/jilv_163709.png', '2014-05-29 16:37:11', '2014-05-29 16:37:11'),
(11, 7, 'aaaaaa', 0, '', 'aaaaaaaaaaaaaaaaaaaaaaaaaaaa', 2, 6, 111, '欧洲', '冰岛', '维克', 'aaaaaaaaaaaaaaaa', '中国语', 'aaaaaaaaaaaaaaaaaaaaaaaaaaaa', 'aaaaaaaaaaaaaaaaaaaaaaaaa', 'http://mobile01.b0.upaiyun.com/jilv/product/2014_06_03/jilv_112744.jpg', '2014-06-03 11:27:48', '2014-06-03 11:27:48'),
(12, 5, '游泳', 0, '', '锻炼身体', 1, 1, 79, '美洲', '加拿大', '温哥华', '杭州市上城区惠兴路12号', '中国语;印度语', '飞机', '带毛巾', 'http://jilv1.b0.upaiyun.com/jilv/product/2014_06_06/jilv_171807.jpg;http://jilv1.b0.upaiyun.com/jilv/product/2014_06_06/jilv_171825.png', '2014-06-07 10:01:28', '2014-06-07 10:01:28'),
(13, 5, '测试', 0, '', '想', 1, 1, 79, '亚洲', '日本', '东京', '订单', ';俄语;西班牙语', '飞机', '提示', 'http://jilv1.b0.upaiyun.com/jilv/product/2014_06_07/jilv_100225.jpg', '2014-06-07 10:02:27', '2014-06-07 10:02:27'),
(14, 6, '阿迪发送到发', 0, '', '阿斯顿发生大发', 1, 1, 70, '欧洲', '瑞典', '斯德哥尔摩', '是打发斯蒂芬', '中国语;俄语', '是打发斯蒂芬', '阿斯顿发送', 'http://jilv1.b0.upaiyun.com/jilv/product/2014_06_23/jilv_120205.jpg', '2014-06-23 12:02:06', '2014-06-23 12:02:06');

-- --------------------------------------------------------

--
-- 表的结构 `shop_product_price_detail`
--

CREATE TABLE IF NOT EXISTS `shop_product_price_detail` (
  `id` int(11) NOT NULL AUTO_INCREMENT,
  `shop_id` int(11) NOT NULL,
  `item_id` int(11) NOT NULL,
  `price_date` int(11) NOT NULL,
  `adult_price` float(8,2) NOT NULL,
  `child_price` float(8,2) NOT NULL,
  `inventory` int(11) NOT NULL,
  `update_time` datetime NOT NULL,
  PRIMARY KEY (`id`),
  UNIQUE KEY `item_id` (`item_id`,`price_date`),
  KEY `shop_id` (`shop_id`)
) ENGINE=MyISAM  DEFAULT CHARSET=utf8 AUTO_INCREMENT=1374 ;

--
-- 转存表中的数据 `shop_product_price_detail`
--

INSERT INTO `shop_product_price_detail` (`id`, `shop_id`, `item_id`, `price_date`, `adult_price`, `child_price`, `inventory`, `update_time`) VALUES
(353, 6, 8, 20140709, 888.00, 666.00, 90, '2014-06-03 16:05:16'),
(352, 6, 8, 20140708, 888.00, 666.00, 90, '2014-06-03 16:05:16'),
(351, 6, 8, 20140707, 888.00, 666.00, 90, '2014-06-03 16:05:16'),
(350, 6, 8, 20140706, 888.00, 666.00, 90, '2014-06-03 16:05:16'),
(349, 6, 8, 20140705, 888.00, 666.00, 90, '2014-06-03 16:05:16'),
(348, 6, 8, 20140704, 888.00, 666.00, 90, '2014-06-03 16:05:16'),
(347, 6, 8, 20140703, 888.00, 666.00, 90, '2014-06-03 16:05:16'),
(346, 6, 8, 20140702, 888.00, 666.00, 90, '2014-06-03 16:05:16'),
(345, 6, 8, 20140701, 888.00, 666.00, 90, '2014-06-03 16:05:16'),
(344, 6, 8, 20140630, 888.00, 666.00, 90, '2014-06-03 16:05:16'),
(343, 6, 8, 20140629, 888.00, 999.00, 888, '0000-00-00 00:00:00'),
(342, 6, 8, 20140628, 888.00, 999.00, 888, '0000-00-00 00:00:00'),
(341, 6, 8, 20140627, 888.00, 999.00, 888, '0000-00-00 00:00:00'),
(340, 6, 8, 20140626, 888.00, 999.00, 888, '0000-00-00 00:00:00'),
(339, 6, 8, 20140625, 888.00, 999.00, 888, '0000-00-00 00:00:00'),
(338, 6, 8, 20140624, 888.00, 999.00, 888, '0000-00-00 00:00:00'),
(337, 6, 8, 20140623, 888.00, 999.00, 888, '0000-00-00 00:00:00'),
(336, 6, 8, 20140622, 888.00, 999.00, 888, '0000-00-00 00:00:00'),
(335, 6, 8, 20140621, 888.00, 999.00, 888, '0000-00-00 00:00:00'),
(334, 6, 8, 20140620, 888.00, 999.00, 888, '0000-00-00 00:00:00'),
(333, 6, 8, 20140619, 888.00, 999.00, 888, '0000-00-00 00:00:00'),
(332, 6, 8, 20140618, 888.00, 999.00, 888, '0000-00-00 00:00:00'),
(331, 6, 8, 20140617, 888.00, 999.00, 888, '0000-00-00 00:00:00'),
(330, 6, 8, 20140616, 888.00, 999.00, 888, '0000-00-00 00:00:00'),
(329, 6, 8, 20140615, 888.00, 999.00, 888, '0000-00-00 00:00:00'),
(39, 5, 9, 20140529, 343.00, 3140.00, 4, '2014-06-07 09:41:57'),
(40, 5, 9, 20140530, 2000.00, 3000.00, 44, '0000-00-00 00:00:00'),
(41, 5, 9, 20140506, 2000.00, 1000.00, 43, '0000-00-00 00:00:00'),
(42, 5, 9, 20140507, 3.00, 4.00, 3, '0000-00-00 00:00:00'),
(43, 5, 9, 20140508, 3000.00, 3000.00, 43, '0000-00-00 00:00:00'),
(44, 5, 9, 20140509, 3000.00, 3000.00, 4, '0000-00-00 00:00:00'),
(45, 5, 9, 20140510, 3000.00, 3000.00, 4, '0000-00-00 00:00:00'),
(46, 5, 9, 20140511, 2.00, 3.00, 44, '0000-00-00 00:00:00'),
(47, 5, 9, 20140512, 1000.00, 1000.00, 4343, '0000-00-00 00:00:00'),
(48, 5, 9, 20140513, 3000.00, 3000.00, 4, '0000-00-00 00:00:00'),
(49, 5, 9, 20140514, 3000.00, 3000.00, 4, '0000-00-00 00:00:00'),
(50, 5, 9, 20140515, 3000.00, 3000.00, 4, '0000-00-00 00:00:00'),
(51, 5, 9, 20140516, 3000.00, 3000.00, 4, '0000-00-00 00:00:00'),
(52, 5, 9, 20140517, 3000.00, 3000.00, 4, '0000-00-00 00:00:00'),
(53, 5, 9, 20140518, 3000.00, 3000.00, 4, '0000-00-00 00:00:00'),
(54, 5, 9, 20140519, 50.00, 0.00, 4, '0000-00-00 00:00:00'),
(55, 5, 9, 20140520, 0.00, 0.00, 0, '0000-00-00 00:00:00'),
(56, 5, 9, 20140521, 0.00, 0.00, 0, '0000-00-00 00:00:00'),
(57, 5, 9, 20140522, 3000.00, 3000.00, 4, '0000-00-00 00:00:00'),
(58, 5, 9, 20140523, 3000.00, 3000.00, 4, '0000-00-00 00:00:00'),
(59, 5, 9, 20140524, 3000.00, 3000.00, 4, '0000-00-00 00:00:00'),
(60, 5, 9, 20140525, 3000.00, 3000.00, 4, '0000-00-00 00:00:00'),
(61, 5, 9, 20140526, 33000.00, 500.00, 45, '0000-00-00 00:00:00'),
(62, 5, 9, 20140527, 3000.00, 3000.00, 4, '0000-00-00 00:00:00'),
(63, 5, 9, 20140528, 3000.00, 3000.00, 4, '0000-00-00 00:00:00'),
(64, 5, 9, 2014, 2000.00, 1000.00, 44, '0000-00-00 00:00:00'),
(328, 6, 8, 20140614, 888.00, 999.00, 888, '0000-00-00 00:00:00'),
(66, 5, 9, 20140611, 33.00, 3.00, 24, '0000-00-00 00:00:00'),
(67, 5, 9, 20140408, 3.00, 3.00, 3, '0000-00-00 00:00:00'),
(68, 5, 9, 20140609, 33.00, 33.00, 3, '0000-00-00 00:00:00'),
(327, 6, 8, 20140613, 888.00, 999.00, 888, '0000-00-00 00:00:00'),
(326, 6, 8, 20140612, 888.00, 999.00, 888, '0000-00-00 00:00:00'),
(325, 6, 8, 20140611, 888.00, 999.00, 888, '0000-00-00 00:00:00'),
(324, 6, 8, 20140610, 888.00, 999.00, 888, '0000-00-00 00:00:00'),
(323, 6, 8, 20140609, 888.00, 999.00, 888, '0000-00-00 00:00:00'),
(322, 6, 8, 20140608, 888.00, 999.00, 888, '0000-00-00 00:00:00'),
(321, 6, 8, 20140607, 888.00, 999.00, 888, '0000-00-00 00:00:00'),
(320, 6, 8, 20140606, 888.00, 999.00, 888, '0000-00-00 00:00:00'),
(319, 6, 8, 20140605, 888.00, 999.00, 888, '0000-00-00 00:00:00'),
(318, 6, 8, 20140604, 888.00, 999.00, 888, '0000-00-00 00:00:00'),
(317, 6, 8, 20140603, 888.00, 999.00, 888, '0000-00-00 00:00:00'),
(316, 6, 8, 20140602, 888.00, 999.00, 888, '0000-00-00 00:00:00'),
(315, 6, 8, 20140601, 888.00, 999.00, 888, '0000-00-00 00:00:00'),
(314, 6, 8, 20140531, 888.00, 999.00, 888, '0000-00-00 00:00:00'),
(313, 6, 8, 20140530, 888.00, 999.00, 888, '0000-00-00 00:00:00'),
(312, 6, 8, 20140529, 888.00, 999.00, 888, '0000-00-00 00:00:00'),
(311, 6, 8, 20140528, 888.00, 999.00, 888, '0000-00-00 00:00:00'),
(310, 6, 8, 20140527, 888.00, 999.00, 888, '0000-00-00 00:00:00'),
(309, 6, 8, 20140526, 888.00, 999.00, 888, '0000-00-00 00:00:00'),
(308, 6, 8, 20140525, 888.00, 999.00, 888, '0000-00-00 00:00:00'),
(307, 6, 8, 20140524, 888.00, 999.00, 888, '2014-05-30 21:01:21'),
(306, 6, 8, 20140523, 888.00, 999.00, 888, '0000-00-00 00:00:00'),
(305, 6, 8, 20140522, 888.00, 999.00, 888, '0000-00-00 00:00:00'),
(304, 6, 8, 20140521, 888.00, 999.00, 888, '0000-00-00 00:00:00'),
(303, 6, 8, 20140520, 888.00, 999.00, 888, '0000-00-00 00:00:00'),
(302, 6, 8, 20140519, 888.00, 999.00, 888, '0000-00-00 00:00:00'),
(301, 6, 8, 20140518, 888.00, 999.00, 888, '0000-00-00 00:00:00'),
(300, 6, 8, 20140517, 888.00, 999.00, 888, '0000-00-00 00:00:00'),
(299, 6, 8, 20140516, 888.00, 999.00, 888, '0000-00-00 00:00:00'),
(98, 5, 9, 20140505, 22.00, 22.00, 33, '0000-00-00 00:00:00'),
(394, 6, 8, 20140819, 888.00, 666.00, 90, '2014-06-03 16:05:16'),
(393, 6, 8, 20140818, 888.00, 666.00, 90, '2014-06-03 16:05:16'),
(392, 6, 8, 20140817, 888.00, 666.00, 90, '2014-06-03 16:05:16'),
(391, 6, 8, 20140816, 888.00, 666.00, 90, '2014-06-03 16:05:16'),
(390, 6, 8, 20140815, 888.00, 666.00, 90, '2014-06-03 16:05:16'),
(389, 6, 8, 20140814, 888.00, 666.00, 90, '2014-06-03 16:05:16'),
(388, 6, 8, 20140813, 888.00, 666.00, 90, '2014-06-03 16:05:16'),
(387, 6, 8, 20140812, 888.00, 666.00, 90, '2014-06-03 16:05:16'),
(386, 6, 8, 20140811, 888.00, 666.00, 90, '2014-06-03 16:05:16'),
(385, 6, 8, 20140810, 888.00, 666.00, 90, '2014-06-03 16:05:16'),
(384, 6, 8, 20140809, 888.00, 666.00, 90, '2014-06-03 16:05:16'),
(383, 6, 8, 20140808, 888.00, 666.00, 90, '2014-06-03 16:05:16'),
(382, 6, 8, 20140807, 888.00, 666.00, 90, '2014-06-03 16:05:16'),
(381, 6, 8, 20140806, 888.00, 666.00, 90, '2014-06-03 16:05:16'),
(380, 6, 8, 20140805, 888.00, 666.00, 90, '2014-06-03 16:05:16'),
(379, 6, 8, 20140804, 888.00, 666.00, 90, '2014-06-03 16:05:16'),
(378, 6, 8, 20140803, 888.00, 666.00, 90, '2014-06-03 16:05:16'),
(377, 6, 8, 20140802, 888.00, 666.00, 90, '2014-06-03 16:05:16'),
(376, 6, 8, 20140801, 888.00, 666.00, 90, '2014-06-03 16:05:16'),
(375, 6, 8, 20140731, 888.00, 666.00, 90, '2014-06-03 16:05:16'),
(374, 6, 8, 20140730, 888.00, 666.00, 90, '2014-06-03 16:05:16'),
(373, 6, 8, 20140729, 888.00, 666.00, 90, '2014-06-03 16:05:16'),
(372, 6, 8, 20140728, 888.00, 666.00, 90, '2014-06-03 16:05:16'),
(371, 6, 8, 20140727, 888.00, 666.00, 90, '2014-06-03 16:05:16'),
(370, 6, 8, 20140726, 888.00, 666.00, 90, '2014-06-03 16:05:16'),
(369, 6, 8, 20140725, 888.00, 666.00, 90, '2014-06-03 16:05:16'),
(368, 6, 8, 20140724, 888.00, 666.00, 90, '2014-06-03 16:05:16'),
(367, 6, 8, 20140723, 888.00, 666.00, 90, '2014-06-03 16:05:16'),
(366, 6, 8, 20140722, 888.00, 666.00, 90, '2014-06-03 16:05:16'),
(365, 6, 8, 20140721, 888.00, 666.00, 90, '2014-06-03 16:05:16'),
(364, 6, 8, 20140720, 888.00, 666.00, 90, '2014-06-03 16:05:16'),
(363, 6, 8, 20140719, 888.00, 666.00, 90, '2014-06-03 16:05:16'),
(362, 6, 8, 20140718, 888.00, 666.00, 90, '2014-06-03 16:05:16'),
(361, 6, 8, 20140717, 888.00, 666.00, 90, '2014-06-03 16:05:16'),
(360, 6, 8, 20140716, 888.00, 666.00, 90, '2014-06-03 16:05:16'),
(359, 6, 8, 20140715, 888.00, 666.00, 90, '2014-06-03 16:05:16'),
(358, 6, 8, 20140714, 888.00, 666.00, 90, '2014-06-03 16:05:16'),
(357, 6, 8, 20140713, 888.00, 666.00, 90, '2014-06-03 16:05:16'),
(356, 6, 8, 20140712, 888.00, 666.00, 90, '2014-06-03 16:05:16'),
(355, 6, 8, 20140711, 888.00, 666.00, 90, '2014-06-03 16:05:16'),
(354, 6, 8, 20140710, 888.00, 666.00, 90, '2014-06-03 16:05:16'),
(140, 5, 12, 20140521, 22.00, 33.00, 3, '0000-00-00 00:00:00'),
(141, 5, 12, 20140522, 22.00, 33.00, 3, '0000-00-00 00:00:00'),
(142, 5, 12, 20140523, 22.00, 33.00, 3, '0000-00-00 00:00:00'),
(143, 5, 12, 20140524, 22.00, 33.00, 3, '0000-00-00 00:00:00'),
(144, 5, 12, 20140525, 22.00, 33.00, 3, '0000-00-00 00:00:00'),
(145, 5, 12, 20140526, 22.00, 33.00, 3, '0000-00-00 00:00:00'),
(146, 5, 12, 20140527, 22.00, 33.00, 3, '0000-00-00 00:00:00'),
(147, 5, 12, 20140528, 22.00, 33.00, 3, '0000-00-00 00:00:00'),
(148, 5, 12, 20140529, 22.00, 33.00, 3, '0000-00-00 00:00:00'),
(149, 5, 12, 20140530, 22.00, 33.00, 3, '0000-00-00 00:00:00'),
(150, 5, 12, 20140531, 22.00, 33.00, 3, '0000-00-00 00:00:00'),
(151, 5, 12, 20140601, 22.00, 33.00, 3, '0000-00-00 00:00:00'),
(152, 5, 12, 20140602, 22.00, 33.00, 3, '0000-00-00 00:00:00'),
(153, 5, 12, 20140603, 22.00, 33.00, 3, '0000-00-00 00:00:00'),
(154, 5, 12, 20140604, 22.00, 33.00, 3, '0000-00-00 00:00:00'),
(155, 5, 12, 20140605, 22.00, 33.00, 3, '0000-00-00 00:00:00'),
(156, 5, 12, 20140606, 22.00, 33.00, 3, '0000-00-00 00:00:00'),
(157, 5, 12, 20140607, 22.00, 33.00, 3, '0000-00-00 00:00:00'),
(158, 5, 12, 20140608, 22.00, 33.00, 3, '0000-00-00 00:00:00'),
(159, 5, 12, 20140609, 22.00, 33.00, 3, '0000-00-00 00:00:00'),
(160, 5, 12, 20140610, 22.00, 33.00, 3, '0000-00-00 00:00:00'),
(161, 5, 12, 20140611, 22.00, 33.00, 3, '0000-00-00 00:00:00'),
(162, 5, 12, 20140612, 22.00, 33.00, 3, '0000-00-00 00:00:00'),
(163, 5, 12, 20140613, 22.00, 33.00, 3, '0000-00-00 00:00:00'),
(164, 5, 12, 20140614, 22.00, 33.00, 3, '0000-00-00 00:00:00'),
(165, 5, 12, 20140615, 22.00, 33.00, 3, '0000-00-00 00:00:00'),
(166, 5, 12, 20140616, 22.00, 33.00, 3, '0000-00-00 00:00:00'),
(167, 5, 12, 20140617, 22.00, 33.00, 3, '0000-00-00 00:00:00'),
(168, 5, 12, 20140618, 22.00, 33.00, 3, '0000-00-00 00:00:00'),
(169, 5, 12, 20140619, 22.00, 33.00, 3, '0000-00-00 00:00:00'),
(170, 5, 12, 20140620, 22.00, 33.00, 3, '0000-00-00 00:00:00'),
(171, 5, 12, 20140621, 22.00, 33.00, 3, '0000-00-00 00:00:00'),
(172, 5, 12, 20140622, 22.00, 33.00, 3, '0000-00-00 00:00:00'),
(173, 5, 12, 20140623, 22.00, 33.00, 3, '0000-00-00 00:00:00'),
(174, 5, 12, 20140624, 22.00, 33.00, 3, '0000-00-00 00:00:00'),
(175, 5, 12, 20140625, 22.00, 33.00, 3, '0000-00-00 00:00:00'),
(176, 5, 12, 20140626, 22.00, 33.00, 3, '0000-00-00 00:00:00'),
(177, 5, 12, 20140627, 22.00, 33.00, 3, '0000-00-00 00:00:00'),
(178, 5, 12, 20140628, 22.00, 33.00, 3, '0000-00-00 00:00:00'),
(179, 5, 12, 20140629, 22.00, 33.00, 3, '0000-00-00 00:00:00'),
(180, 5, 12, 20140630, 22.00, 33.00, 3, '0000-00-00 00:00:00'),
(181, 5, 12, 20140701, 22.00, 33.00, 3, '0000-00-00 00:00:00'),
(182, 5, 12, 20140702, 22.00, 33.00, 3, '0000-00-00 00:00:00'),
(183, 5, 12, 20140703, 22.00, 33.00, 3, '0000-00-00 00:00:00'),
(184, 5, 12, 20140704, 22.00, 33.00, 3, '0000-00-00 00:00:00'),
(185, 5, 12, 20140705, 22.00, 33.00, 3, '0000-00-00 00:00:00'),
(186, 5, 12, 20140706, 22.00, 33.00, 3, '0000-00-00 00:00:00'),
(187, 5, 12, 20140707, 22.00, 33.00, 3, '0000-00-00 00:00:00'),
(188, 5, 12, 20140708, 22.00, 33.00, 3, '0000-00-00 00:00:00'),
(189, 5, 12, 20140709, 22.00, 33.00, 3, '0000-00-00 00:00:00'),
(190, 5, 12, 20140710, 22.00, 33.00, 3, '0000-00-00 00:00:00'),
(191, 5, 12, 20140711, 22.00, 33.00, 3, '0000-00-00 00:00:00'),
(192, 5, 12, 20140712, 22.00, 33.00, 3, '0000-00-00 00:00:00'),
(193, 5, 12, 20140713, 22.00, 33.00, 3, '0000-00-00 00:00:00'),
(194, 5, 12, 20140714, 22.00, 33.00, 3, '0000-00-00 00:00:00'),
(195, 5, 12, 20140715, 22.00, 33.00, 3, '0000-00-00 00:00:00'),
(196, 5, 12, 20140716, 22.00, 33.00, 3, '0000-00-00 00:00:00'),
(197, 5, 12, 20140717, 22.00, 33.00, 3, '0000-00-00 00:00:00'),
(198, 5, 12, 20140718, 22.00, 33.00, 3, '0000-00-00 00:00:00'),
(199, 5, 12, 20140719, 22.00, 33.00, 3, '0000-00-00 00:00:00'),
(200, 5, 12, 20140720, 22.00, 33.00, 3, '0000-00-00 00:00:00'),
(201, 5, 12, 20140721, 22.00, 33.00, 3, '0000-00-00 00:00:00'),
(202, 5, 12, 20140722, 22.00, 33.00, 3, '0000-00-00 00:00:00'),
(203, 5, 12, 20140723, 22.00, 33.00, 3, '0000-00-00 00:00:00'),
(204, 5, 12, 20140724, 22.00, 33.00, 3, '0000-00-00 00:00:00'),
(205, 5, 12, 20140725, 22.00, 33.00, 3, '0000-00-00 00:00:00'),
(206, 5, 12, 20140726, 22.00, 33.00, 3, '0000-00-00 00:00:00'),
(207, 5, 12, 20140727, 22.00, 33.00, 3, '0000-00-00 00:00:00'),
(208, 5, 12, 20140728, 22.00, 33.00, 3, '0000-00-00 00:00:00'),
(209, 5, 12, 20140729, 22.00, 33.00, 3, '0000-00-00 00:00:00'),
(210, 5, 12, 20140730, 22.00, 33.00, 3, '0000-00-00 00:00:00'),
(211, 5, 12, 20140731, 22.00, 33.00, 3, '0000-00-00 00:00:00'),
(212, 5, 12, 20140801, 22.00, 33.00, 3, '0000-00-00 00:00:00'),
(213, 5, 12, 20140802, 22.00, 33.00, 3, '0000-00-00 00:00:00'),
(214, 5, 12, 20140803, 22.00, 33.00, 3, '0000-00-00 00:00:00'),
(215, 5, 12, 20140804, 22.00, 33.00, 3, '0000-00-00 00:00:00'),
(216, 5, 12, 20140805, 22.00, 33.00, 3, '0000-00-00 00:00:00'),
(217, 5, 12, 20140806, 22.00, 33.00, 3, '0000-00-00 00:00:00'),
(218, 5, 12, 20140807, 22.00, 33.00, 3, '0000-00-00 00:00:00'),
(219, 5, 12, 20140808, 22.00, 33.00, 3, '0000-00-00 00:00:00'),
(220, 5, 12, 20140809, 22.00, 33.00, 3, '0000-00-00 00:00:00'),
(221, 5, 12, 20140810, 22.00, 33.00, 3, '0000-00-00 00:00:00'),
(222, 5, 12, 20140811, 22.00, 33.00, 3, '0000-00-00 00:00:00'),
(223, 5, 12, 20140812, 22.00, 33.00, 3, '0000-00-00 00:00:00'),
(224, 5, 12, 20140813, 22.00, 33.00, 3, '0000-00-00 00:00:00'),
(225, 5, 12, 20140814, 22.00, 33.00, 3, '0000-00-00 00:00:00'),
(226, 5, 12, 20140815, 22.00, 33.00, 3, '0000-00-00 00:00:00'),
(227, 5, 12, 20140816, 22.00, 33.00, 3, '0000-00-00 00:00:00'),
(228, 5, 12, 20140817, 22.00, 33.00, 3, '0000-00-00 00:00:00'),
(229, 5, 12, 20140818, 22.00, 33.00, 3, '0000-00-00 00:00:00'),
(230, 5, 12, 20140819, 22.00, 33.00, 3, '0000-00-00 00:00:00'),
(231, 5, 12, 20140820, 22.00, 33.00, 3, '0000-00-00 00:00:00'),
(232, 5, 12, 20140821, 22.00, 33.00, 3, '0000-00-00 00:00:00'),
(233, 5, 12, 20140822, 22.00, 33.00, 3, '0000-00-00 00:00:00'),
(234, 5, 12, 20140823, 22.00, 33.00, 3, '0000-00-00 00:00:00'),
(235, 5, 12, 20140824, 22.00, 33.00, 3, '0000-00-00 00:00:00'),
(236, 5, 12, 20140825, 22.00, 33.00, 3, '0000-00-00 00:00:00'),
(237, 5, 12, 20140826, 22.00, 33.00, 3, '0000-00-00 00:00:00'),
(238, 5, 12, 20140827, 22.00, 33.00, 3, '0000-00-00 00:00:00'),
(239, 5, 12, 20140828, 22.00, 33.00, 3, '0000-00-00 00:00:00'),
(240, 5, 12, 20140829, 22.00, 33.00, 3, '0000-00-00 00:00:00'),
(241, 5, 12, 20140830, 22.00, 33.00, 3, '0000-00-00 00:00:00'),
(242, 5, 12, 20140831, 22.00, 33.00, 3, '0000-00-00 00:00:00'),
(243, 5, 13, 20140507, 3.00, 3.00, 3, '0000-00-00 00:00:00'),
(244, 5, 13, 20140508, 3.00, 3.00, 3, '0000-00-00 00:00:00'),
(245, 5, 13, 20140509, 3.00, 3.00, 3, '0000-00-00 00:00:00'),
(246, 5, 13, 20140510, 3.00, 3.00, 3, '0000-00-00 00:00:00'),
(247, 5, 13, 20140511, 3.00, 3.00, 3, '0000-00-00 00:00:00'),
(248, 5, 13, 20140512, 3.00, 3.00, 3, '0000-00-00 00:00:00'),
(249, 5, 13, 20140513, 3.00, 3.00, 3, '0000-00-00 00:00:00'),
(250, 5, 13, 20140514, 3.00, 3.00, 3, '0000-00-00 00:00:00'),
(251, 5, 13, 20140515, 3.00, 3.00, 3, '0000-00-00 00:00:00'),
(252, 5, 13, 20140516, 3.00, 3.00, 3, '0000-00-00 00:00:00'),
(253, 5, 13, 20140517, 3.00, 3.00, 3, '0000-00-00 00:00:00'),
(254, 5, 13, 20140518, 3.00, 3.00, 3, '0000-00-00 00:00:00'),
(255, 5, 13, 20140519, 3.00, 3.00, 3, '0000-00-00 00:00:00'),
(256, 5, 13, 20140520, 3.00, 3.00, 3, '0000-00-00 00:00:00'),
(257, 5, 13, 20140521, 3.00, 3.00, 3, '0000-00-00 00:00:00'),
(258, 5, 13, 20140522, 3.00, 3.00, 3, '0000-00-00 00:00:00'),
(259, 5, 13, 20140523, 3.00, 3.00, 3, '0000-00-00 00:00:00'),
(260, 5, 13, 20140524, 3.00, 3.00, 3, '0000-00-00 00:00:00'),
(261, 5, 13, 20140525, 3.00, 3.00, 3, '0000-00-00 00:00:00'),
(262, 5, 13, 20140526, 3.00, 3.00, 3, '0000-00-00 00:00:00'),
(263, 5, 13, 20140527, 3.00, 3.00, 3, '0000-00-00 00:00:00'),
(264, 5, 13, 20140528, 3.00, 3.00, 3, '0000-00-00 00:00:00'),
(265, 5, 13, 20140529, 3.00, 3.00, 3, '0000-00-00 00:00:00'),
(266, 5, 13, 20140530, 3.00, 3.00, 3, '0000-00-00 00:00:00'),
(267, 5, 13, 20140531, 3.00, 3.00, 3, '0000-00-00 00:00:00'),
(268, 5, 14, 20140501, 3.00, 33.00, 2, '0000-00-00 00:00:00'),
(269, 5, 14, 20140502, 3.00, 33.00, 2, '0000-00-00 00:00:00'),
(270, 5, 14, 20140503, 3.00, 33.00, 2, '0000-00-00 00:00:00'),
(271, 5, 14, 20140504, 3.00, 33.00, 2, '0000-00-00 00:00:00'),
(272, 5, 14, 20140505, 3.00, 33.00, 2, '0000-00-00 00:00:00'),
(273, 5, 14, 20140506, 3.00, 33.00, 2, '0000-00-00 00:00:00'),
(274, 5, 14, 20140507, 3.00, 33.00, 2, '0000-00-00 00:00:00'),
(275, 5, 14, 20140508, 3.00, 33.00, 2, '0000-00-00 00:00:00'),
(276, 5, 14, 20140509, 3.00, 33.00, 2, '0000-00-00 00:00:00'),
(277, 5, 14, 20140510, 3.00, 33.00, 2, '0000-00-00 00:00:00'),
(278, 5, 14, 20140511, 3.00, 33.00, 2, '0000-00-00 00:00:00'),
(279, 5, 14, 20140512, 3.00, 33.00, 2, '0000-00-00 00:00:00'),
(280, 5, 14, 20140513, 3.00, 33.00, 2, '0000-00-00 00:00:00'),
(281, 5, 14, 20140514, 3.00, 33.00, 2, '0000-00-00 00:00:00'),
(282, 5, 14, 20140515, 3.00, 33.00, 2, '0000-00-00 00:00:00'),
(283, 5, 14, 20140516, 3.00, 33.00, 2, '0000-00-00 00:00:00'),
(284, 5, 14, 20140517, 3.00, 33.00, 2, '0000-00-00 00:00:00'),
(285, 5, 14, 20140518, 3.00, 33.00, 2, '0000-00-00 00:00:00'),
(286, 5, 14, 20140519, 3.00, 33.00, 2, '0000-00-00 00:00:00'),
(287, 5, 14, 20140520, 3.00, 33.00, 2, '0000-00-00 00:00:00'),
(288, 5, 14, 20140521, 3.00, 33.00, 2, '0000-00-00 00:00:00'),
(289, 5, 14, 20140522, 3.00, 33.00, 2, '0000-00-00 00:00:00'),
(290, 5, 14, 20140523, 3.00, 33.00, 2, '0000-00-00 00:00:00'),
(291, 5, 14, 20140524, 3.00, 33.00, 2, '0000-00-00 00:00:00'),
(292, 5, 14, 20140525, 3.00, 33.00, 2, '0000-00-00 00:00:00'),
(293, 5, 14, 20140526, 3.00, 33.00, 2, '0000-00-00 00:00:00'),
(294, 5, 14, 20140527, 3.00, 33.00, 2, '0000-00-00 00:00:00'),
(295, 5, 14, 20140528, 3.00, 33.00, 2, '0000-00-00 00:00:00'),
(296, 5, 14, 20140529, 3.00, 33.00, 2, '0000-00-00 00:00:00'),
(297, 5, 14, 20140530, 3.00, 33.00, 2, '0000-00-00 00:00:00'),
(298, 5, 14, 20140531, 3.00, 33.00, 2, '0000-00-00 00:00:00'),
(395, 6, 8, 20140820, 888.00, 666.00, 90, '2014-06-03 16:05:16'),
(396, 6, 8, 20140821, 888.00, 666.00, 90, '2014-06-03 16:05:16'),
(397, 6, 8, 20140822, 888.00, 666.00, 90, '2014-06-03 16:05:16'),
(398, 6, 8, 20140823, 888.00, 666.00, 90, '2014-06-03 16:05:16'),
(399, 6, 8, 20140824, 888.00, 666.00, 90, '2014-06-03 16:05:16'),
(400, 6, 8, 20140825, 888.00, 666.00, 90, '2014-06-03 16:05:16'),
(401, 6, 8, 20140826, 888.00, 666.00, 90, '2014-06-03 16:05:16'),
(402, 6, 8, 20140827, 888.00, 666.00, 90, '2014-06-03 16:05:16'),
(403, 6, 8, 20140828, 888.00, 666.00, 90, '2014-06-03 16:05:16'),
(404, 6, 8, 20140829, 888.00, 666.00, 90, '2014-06-03 16:05:16'),
(405, 6, 8, 20140830, 888.00, 666.00, 90, '2014-06-03 16:05:16'),
(406, 6, 8, 20140831, 888.00, 666.00, 90, '2014-06-03 16:05:16'),
(407, 6, 8, 20140901, 888.00, 666.00, 90, '2014-06-03 16:05:16'),
(408, 6, 8, 20140902, 888.00, 666.00, 90, '2014-06-03 16:05:16'),
(409, 6, 8, 20140903, 888.00, 666.00, 90, '2014-06-03 16:05:16'),
(410, 6, 8, 20140904, 888.00, 666.00, 90, '2014-06-03 16:05:16'),
(411, 6, 8, 20140905, 888.00, 666.00, 90, '2014-06-03 16:05:16'),
(412, 6, 8, 20140906, 888.00, 666.00, 90, '2014-06-03 16:05:16'),
(413, 6, 8, 20140907, 888.00, 666.00, 90, '2014-06-03 16:05:16'),
(414, 6, 8, 20140908, 888.00, 666.00, 90, '2014-06-03 16:05:16'),
(415, 6, 8, 20140909, 888.00, 666.00, 90, '2014-06-03 16:05:16'),
(416, 6, 8, 20140910, 888.00, 666.00, 90, '2014-06-03 16:05:16'),
(417, 6, 8, 20140911, 888.00, 666.00, 90, '2014-06-03 16:05:16'),
(418, 6, 8, 20140912, 888.00, 666.00, 90, '2014-06-03 16:05:16'),
(419, 6, 8, 20140913, 888.00, 666.00, 90, '2014-06-03 16:05:16'),
(420, 6, 8, 20140914, 888.00, 666.00, 90, '2014-06-03 16:05:16'),
(421, 6, 8, 20140915, 888.00, 666.00, 90, '2014-06-03 16:05:16'),
(422, 6, 8, 20140916, 888.00, 666.00, 90, '2014-06-03 16:05:16'),
(423, 6, 8, 20140917, 888.00, 666.00, 90, '2014-06-03 16:05:16'),
(424, 6, 8, 20140918, 888.00, 666.00, 90, '2014-06-03 16:05:16'),
(425, 6, 8, 20140919, 888.00, 666.00, 90, '2014-06-03 16:05:16'),
(426, 6, 8, 20140920, 888.00, 666.00, 90, '2014-06-03 16:05:16'),
(427, 6, 8, 20140921, 888.00, 666.00, 90, '2014-06-03 16:05:17'),
(428, 6, 8, 20140922, 888.00, 666.00, 90, '2014-06-03 16:05:17'),
(429, 6, 8, 20140923, 888.00, 666.00, 90, '2014-06-03 16:05:17'),
(430, 6, 8, 20140924, 888.00, 666.00, 90, '2014-06-03 16:05:17'),
(431, 6, 8, 20140925, 888.00, 666.00, 90, '2014-06-03 16:05:17'),
(432, 6, 8, 20140926, 888.00, 666.00, 90, '2014-06-03 16:05:17'),
(433, 6, 8, 20140927, 888.00, 666.00, 90, '2014-06-03 16:05:17'),
(434, 6, 8, 20140928, 888.00, 666.00, 90, '2014-06-03 16:05:17'),
(435, 6, 8, 20140929, 888.00, 666.00, 90, '2014-06-03 16:05:17'),
(436, 6, 8, 20140930, 888.00, 666.00, 90, '2014-06-03 16:05:17'),
(437, 6, 8, 20141001, 888.00, 666.00, 90, '2014-06-03 16:05:17'),
(438, 6, 8, 20141002, 888.00, 666.00, 90, '2014-06-03 16:05:17'),
(439, 6, 8, 20141003, 888.00, 666.00, 90, '2014-06-03 16:05:17'),
(440, 6, 8, 20141004, 888.00, 666.00, 90, '2014-06-03 16:05:17'),
(441, 6, 8, 20141005, 888.00, 666.00, 90, '2014-06-03 16:05:17'),
(442, 6, 8, 20141006, 888.00, 666.00, 90, '2014-06-03 16:05:17'),
(443, 6, 8, 20141007, 888.00, 666.00, 90, '2014-06-03 16:05:17'),
(444, 6, 8, 20141008, 888.00, 666.00, 90, '2014-06-03 16:05:17'),
(445, 6, 8, 20141009, 888.00, 666.00, 90, '2014-06-03 16:05:17'),
(446, 6, 8, 20141010, 888.00, 666.00, 90, '2014-06-03 16:05:17'),
(447, 6, 8, 20141011, 888.00, 666.00, 90, '2014-06-03 16:05:17'),
(448, 6, 8, 20141012, 888.00, 666.00, 90, '2014-06-03 16:05:17'),
(449, 6, 8, 20141013, 888.00, 666.00, 90, '2014-06-03 16:05:17'),
(450, 6, 8, 20141014, 888.00, 666.00, 90, '2014-06-03 16:05:17'),
(451, 6, 8, 20141015, 888.00, 666.00, 90, '2014-06-03 16:05:17'),
(452, 6, 8, 20141016, 888.00, 666.00, 90, '2014-06-03 16:05:17'),
(453, 6, 8, 20141017, 888.00, 666.00, 90, '2014-06-03 16:05:17'),
(454, 6, 8, 20141018, 888.00, 666.00, 90, '2014-06-03 16:05:17'),
(455, 6, 8, 20141019, 888.00, 666.00, 90, '2014-06-03 16:05:17'),
(456, 6, 8, 20141020, 888.00, 666.00, 90, '2014-06-03 16:05:17'),
(457, 6, 8, 20141021, 888.00, 666.00, 90, '2014-06-03 16:05:17'),
(458, 6, 8, 20141022, 888.00, 666.00, 90, '2014-06-03 16:05:17'),
(459, 6, 8, 20141023, 888.00, 666.00, 90, '2014-06-03 16:05:17'),
(460, 6, 8, 20141024, 888.00, 666.00, 90, '2014-06-03 16:05:17'),
(461, 6, 8, 20141025, 888.00, 666.00, 90, '2014-06-03 16:05:17'),
(462, 6, 8, 20141026, 888.00, 666.00, 90, '2014-06-03 16:05:17'),
(463, 6, 8, 20141027, 888.00, 666.00, 90, '2014-06-03 16:05:17'),
(464, 6, 8, 20141028, 888.00, 666.00, 90, '2014-06-03 16:05:17'),
(465, 6, 8, 20141029, 888.00, 666.00, 90, '2014-06-03 16:05:17'),
(466, 6, 8, 20141030, 888.00, 666.00, 90, '2014-06-03 16:05:17'),
(467, 6, 8, 20141031, 888.00, 666.00, 90, '2014-06-03 16:05:17'),
(468, 6, 8, 20141101, 888.00, 666.00, 90, '2014-06-03 16:05:17'),
(469, 6, 8, 20141102, 888.00, 666.00, 90, '2014-06-03 16:05:17'),
(470, 6, 8, 20141103, 888.00, 666.00, 90, '2014-06-03 16:05:17'),
(471, 6, 8, 20141104, 888.00, 666.00, 90, '2014-06-03 16:05:17'),
(472, 6, 8, 20141105, 888.00, 666.00, 90, '2014-06-03 16:05:17'),
(473, 6, 8, 20141106, 888.00, 666.00, 90, '2014-06-03 16:05:17'),
(474, 6, 8, 20141107, 888.00, 666.00, 90, '2014-06-03 16:05:17'),
(475, 6, 8, 20141108, 888.00, 666.00, 90, '2014-06-03 16:05:17'),
(476, 6, 8, 20141109, 888.00, 666.00, 90, '2014-06-03 16:05:17'),
(477, 6, 8, 20141110, 888.00, 666.00, 90, '2014-06-03 16:05:17'),
(478, 6, 8, 20141111, 888.00, 666.00, 90, '2014-06-03 16:05:17'),
(479, 6, 8, 20141112, 888.00, 666.00, 90, '2014-06-03 16:05:17'),
(480, 6, 8, 20141113, 888.00, 666.00, 90, '2014-06-03 16:05:17'),
(481, 6, 8, 20141114, 888.00, 666.00, 90, '2014-06-03 16:05:17'),
(482, 6, 8, 20141115, 888.00, 666.00, 90, '2014-06-03 16:05:17'),
(483, 6, 8, 20141116, 888.00, 666.00, 90, '2014-06-03 16:05:17'),
(484, 6, 8, 20141117, 888.00, 666.00, 90, '2014-06-03 16:05:17'),
(485, 6, 8, 20141118, 888.00, 666.00, 90, '2014-06-03 16:05:17'),
(486, 6, 8, 20141119, 888.00, 666.00, 90, '2014-06-03 16:05:17'),
(487, 6, 8, 20141120, 888.00, 666.00, 90, '2014-06-03 16:05:17'),
(488, 6, 8, 20141121, 888.00, 666.00, 90, '2014-06-03 16:05:17'),
(489, 6, 8, 20141122, 888.00, 666.00, 90, '2014-06-03 16:05:17'),
(490, 6, 8, 20141123, 888.00, 666.00, 90, '2014-06-03 16:05:17'),
(491, 6, 8, 20141124, 888.00, 666.00, 90, '2014-06-03 16:05:17'),
(492, 6, 8, 20141125, 888.00, 666.00, 90, '2014-06-03 16:05:17'),
(493, 6, 8, 20141126, 888.00, 666.00, 90, '2014-06-03 16:05:17'),
(494, 6, 8, 20141127, 888.00, 666.00, 90, '2014-06-03 16:05:17'),
(495, 6, 8, 20141128, 888.00, 666.00, 90, '2014-06-03 16:05:17'),
(496, 6, 8, 20141129, 888.00, 666.00, 90, '2014-06-03 16:05:17'),
(497, 6, 8, 20141130, 888.00, 666.00, 90, '2014-06-03 16:05:17'),
(498, 6, 8, 20141201, 888.00, 666.00, 90, '2014-06-03 16:05:17'),
(499, 6, 8, 20141202, 888.00, 666.00, 90, '2014-06-03 16:05:17'),
(500, 6, 8, 20141203, 888.00, 666.00, 90, '2014-06-03 16:05:17'),
(501, 6, 8, 20141204, 888.00, 666.00, 90, '2014-06-03 16:05:17'),
(502, 6, 8, 20141205, 888.00, 666.00, 90, '2014-06-03 16:05:17'),
(503, 6, 8, 20141206, 888.00, 666.00, 90, '2014-06-03 16:05:17'),
(504, 6, 8, 20141207, 888.00, 666.00, 90, '2014-06-03 16:05:17'),
(505, 6, 8, 20141208, 888.00, 666.00, 90, '2014-06-03 16:05:17'),
(506, 6, 8, 20141209, 888.00, 666.00, 90, '2014-06-03 16:05:17'),
(507, 6, 8, 20141210, 888.00, 666.00, 90, '2014-06-03 16:05:17'),
(508, 6, 8, 20141211, 888.00, 666.00, 90, '2014-06-03 16:05:17'),
(509, 6, 8, 20141212, 888.00, 666.00, 90, '2014-06-03 16:05:17'),
(510, 6, 8, 20141213, 888.00, 666.00, 90, '2014-06-03 16:05:17'),
(511, 6, 8, 20141214, 888.00, 666.00, 90, '2014-06-03 16:05:17'),
(512, 6, 8, 20141215, 888.00, 666.00, 90, '2014-06-03 16:05:17'),
(513, 6, 8, 20141216, 888.00, 666.00, 90, '2014-06-03 16:05:17'),
(514, 6, 8, 20141217, 888.00, 666.00, 90, '2014-06-03 16:05:17'),
(515, 6, 8, 20141218, 888.00, 666.00, 90, '2014-06-03 16:05:17'),
(516, 6, 8, 20141219, 888.00, 666.00, 90, '2014-06-03 16:05:17'),
(517, 6, 8, 20141220, 888.00, 666.00, 90, '2014-06-03 16:05:17'),
(518, 6, 8, 20141221, 888.00, 666.00, 90, '2014-06-03 16:05:17'),
(519, 6, 8, 20141222, 888.00, 666.00, 90, '2014-06-03 16:05:17'),
(520, 6, 8, 20141223, 888.00, 666.00, 90, '2014-06-03 16:05:17'),
(521, 6, 8, 20141224, 888.00, 666.00, 90, '2014-06-03 16:05:17'),
(522, 6, 8, 20141225, 888.00, 666.00, 90, '2014-06-03 16:05:17'),
(523, 6, 8, 20141226, 888.00, 666.00, 90, '2014-06-03 16:05:17'),
(524, 6, 8, 20141227, 888.00, 666.00, 90, '2014-06-03 16:05:17'),
(525, 6, 8, 20141228, 888.00, 666.00, 90, '2014-06-03 16:05:17'),
(526, 6, 8, 20141229, 888.00, 666.00, 90, '2014-06-03 16:05:17'),
(527, 6, 8, 20141230, 888.00, 666.00, 90, '2014-06-03 16:05:17'),
(528, 6, 8, 20141231, 888.00, 666.00, 90, '2014-06-03 16:05:17'),
(529, 6, 8, 20150101, 888.00, 999.00, 888, '0000-00-00 00:00:00'),
(530, 6, 8, 20150102, 888.00, 999.00, 888, '0000-00-00 00:00:00'),
(531, 6, 8, 20150103, 888.00, 999.00, 888, '0000-00-00 00:00:00'),
(532, 6, 8, 20150104, 888.00, 999.00, 888, '0000-00-00 00:00:00'),
(533, 6, 8, 20150105, 888.00, 999.00, 888, '0000-00-00 00:00:00'),
(534, 6, 8, 20150106, 888.00, 999.00, 888, '0000-00-00 00:00:00'),
(535, 6, 8, 20150107, 888.00, 999.00, 888, '0000-00-00 00:00:00'),
(536, 6, 8, 20150108, 888.00, 999.00, 888, '0000-00-00 00:00:00'),
(537, 6, 8, 20150109, 888.00, 999.00, 888, '0000-00-00 00:00:00'),
(538, 6, 8, 20150110, 888.00, 999.00, 888, '0000-00-00 00:00:00'),
(539, 6, 8, 20150111, 888.00, 999.00, 888, '0000-00-00 00:00:00'),
(540, 6, 8, 20150112, 888.00, 999.00, 888, '0000-00-00 00:00:00'),
(541, 6, 8, 20150113, 888.00, 999.00, 888, '0000-00-00 00:00:00'),
(542, 6, 8, 20150114, 888.00, 999.00, 888, '0000-00-00 00:00:00'),
(543, 6, 8, 20150115, 888.00, 999.00, 888, '0000-00-00 00:00:00'),
(544, 6, 8, 20150116, 888.00, 999.00, 888, '0000-00-00 00:00:00'),
(545, 6, 8, 20150117, 888.00, 999.00, 888, '0000-00-00 00:00:00'),
(546, 6, 8, 20150118, 888.00, 999.00, 888, '0000-00-00 00:00:00'),
(547, 6, 8, 20150119, 888.00, 999.00, 888, '0000-00-00 00:00:00'),
(548, 6, 8, 20150120, 888.00, 999.00, 888, '0000-00-00 00:00:00'),
(549, 6, 8, 20150121, 888.00, 999.00, 888, '0000-00-00 00:00:00'),
(550, 6, 8, 20150122, 888.00, 999.00, 888, '0000-00-00 00:00:00'),
(551, 6, 8, 20150123, 888.00, 999.00, 888, '0000-00-00 00:00:00'),
(552, 6, 8, 20150124, 888.00, 999.00, 888, '0000-00-00 00:00:00'),
(553, 6, 8, 20150125, 888.00, 999.00, 888, '0000-00-00 00:00:00'),
(554, 6, 8, 20150126, 888.00, 999.00, 888, '0000-00-00 00:00:00'),
(555, 6, 8, 20150127, 888.00, 999.00, 888, '0000-00-00 00:00:00'),
(556, 6, 8, 20150128, 888.00, 999.00, 888, '0000-00-00 00:00:00'),
(557, 6, 8, 20150129, 888.00, 999.00, 888, '0000-00-00 00:00:00'),
(558, 6, 8, 20150130, 888.00, 999.00, 888, '0000-00-00 00:00:00'),
(559, 6, 8, 20150131, 888.00, 999.00, 888, '0000-00-00 00:00:00'),
(560, 6, 8, 20150201, 888.00, 999.00, 888, '0000-00-00 00:00:00'),
(561, 6, 8, 20150202, 888.00, 999.00, 888, '0000-00-00 00:00:00'),
(562, 6, 8, 20150203, 888.00, 999.00, 888, '0000-00-00 00:00:00'),
(563, 6, 8, 20150204, 888.00, 999.00, 888, '0000-00-00 00:00:00'),
(564, 6, 8, 20150205, 888.00, 999.00, 888, '0000-00-00 00:00:00'),
(565, 6, 8, 20150206, 888.00, 999.00, 888, '0000-00-00 00:00:00'),
(566, 6, 8, 20150207, 888.00, 999.00, 888, '0000-00-00 00:00:00'),
(567, 6, 8, 20150208, 888.00, 999.00, 888, '0000-00-00 00:00:00'),
(568, 6, 8, 20150209, 888.00, 999.00, 888, '0000-00-00 00:00:00'),
(569, 6, 8, 20150210, 888.00, 999.00, 888, '0000-00-00 00:00:00'),
(570, 6, 8, 20150211, 888.00, 999.00, 888, '0000-00-00 00:00:00'),
(571, 6, 8, 20150212, 888.00, 999.00, 888, '0000-00-00 00:00:00'),
(572, 6, 8, 20150213, 888.00, 999.00, 888, '0000-00-00 00:00:00'),
(573, 6, 8, 20150214, 888.00, 999.00, 888, '0000-00-00 00:00:00'),
(574, 6, 8, 20150215, 888.00, 999.00, 888, '0000-00-00 00:00:00'),
(575, 6, 8, 20150216, 888.00, 999.00, 888, '0000-00-00 00:00:00'),
(576, 6, 8, 20150217, 888.00, 999.00, 888, '0000-00-00 00:00:00'),
(577, 6, 8, 20150218, 888.00, 999.00, 888, '0000-00-00 00:00:00'),
(578, 6, 8, 20150219, 888.00, 999.00, 888, '0000-00-00 00:00:00'),
(579, 6, 8, 20150220, 888.00, 999.00, 888, '0000-00-00 00:00:00'),
(580, 6, 8, 20150221, 888.00, 999.00, 888, '0000-00-00 00:00:00'),
(581, 6, 8, 20150222, 888.00, 999.00, 888, '0000-00-00 00:00:00'),
(582, 6, 8, 20150223, 888.00, 999.00, 888, '0000-00-00 00:00:00'),
(583, 6, 8, 20150224, 888.00, 999.00, 888, '0000-00-00 00:00:00'),
(584, 6, 8, 20150225, 888.00, 999.00, 888, '0000-00-00 00:00:00'),
(585, 6, 8, 20150226, 888.00, 999.00, 888, '0000-00-00 00:00:00'),
(586, 6, 8, 20150227, 888.00, 999.00, 888, '0000-00-00 00:00:00'),
(587, 6, 8, 20150228, 888.00, 999.00, 888, '0000-00-00 00:00:00'),
(588, 6, 8, 20150301, 888.00, 999.00, 888, '0000-00-00 00:00:00'),
(589, 6, 8, 20150302, 888.00, 999.00, 888, '0000-00-00 00:00:00'),
(590, 6, 8, 20150303, 888.00, 999.00, 888, '0000-00-00 00:00:00'),
(591, 6, 8, 20150304, 888.00, 999.00, 888, '0000-00-00 00:00:00'),
(592, 6, 8, 20150305, 888.00, 999.00, 888, '0000-00-00 00:00:00'),
(593, 6, 8, 20150306, 888.00, 999.00, 888, '0000-00-00 00:00:00'),
(594, 6, 8, 20150307, 888.00, 999.00, 888, '0000-00-00 00:00:00'),
(595, 6, 8, 20150308, 888.00, 999.00, 888, '0000-00-00 00:00:00'),
(596, 6, 8, 20150309, 888.00, 999.00, 888, '0000-00-00 00:00:00'),
(597, 6, 8, 20150310, 888.00, 999.00, 888, '0000-00-00 00:00:00'),
(598, 6, 8, 20150311, 888.00, 999.00, 888, '0000-00-00 00:00:00'),
(599, 6, 8, 20150312, 888.00, 999.00, 888, '0000-00-00 00:00:00'),
(600, 6, 8, 20150313, 888.00, 999.00, 888, '0000-00-00 00:00:00'),
(601, 6, 8, 20150314, 888.00, 999.00, 888, '0000-00-00 00:00:00'),
(602, 6, 8, 20150315, 888.00, 999.00, 888, '0000-00-00 00:00:00'),
(603, 6, 8, 20150316, 888.00, 999.00, 888, '0000-00-00 00:00:00'),
(604, 6, 8, 20150317, 888.00, 999.00, 888, '0000-00-00 00:00:00'),
(605, 6, 8, 20150318, 888.00, 999.00, 888, '0000-00-00 00:00:00'),
(606, 6, 8, 20150319, 888.00, 999.00, 888, '0000-00-00 00:00:00'),
(607, 6, 8, 20150320, 888.00, 999.00, 888, '0000-00-00 00:00:00'),
(608, 6, 8, 20150321, 888.00, 999.00, 888, '0000-00-00 00:00:00'),
(609, 6, 8, 20150322, 888.00, 999.00, 888, '0000-00-00 00:00:00'),
(610, 6, 8, 20150323, 888.00, 999.00, 888, '0000-00-00 00:00:00'),
(611, 6, 8, 20150324, 888.00, 999.00, 888, '0000-00-00 00:00:00'),
(612, 6, 8, 20150325, 888.00, 999.00, 888, '0000-00-00 00:00:00'),
(613, 6, 8, 20150326, 888.00, 999.00, 888, '0000-00-00 00:00:00'),
(614, 6, 8, 20150327, 888.00, 999.00, 888, '0000-00-00 00:00:00'),
(615, 6, 8, 20150328, 888.00, 999.00, 888, '0000-00-00 00:00:00'),
(616, 6, 8, 20150329, 888.00, 999.00, 888, '0000-00-00 00:00:00'),
(617, 6, 8, 20150330, 888.00, 999.00, 888, '0000-00-00 00:00:00'),
(618, 6, 8, 20150331, 888.00, 999.00, 888, '0000-00-00 00:00:00'),
(619, 6, 8, 20150401, 888.00, 999.00, 888, '0000-00-00 00:00:00'),
(620, 6, 8, 20150402, 888.00, 999.00, 888, '0000-00-00 00:00:00'),
(621, 6, 8, 20150403, 888.00, 999.00, 888, '0000-00-00 00:00:00'),
(622, 6, 8, 20150404, 888.00, 999.00, 888, '0000-00-00 00:00:00'),
(623, 6, 8, 20150405, 888.00, 999.00, 888, '0000-00-00 00:00:00'),
(624, 6, 8, 20150406, 888.00, 999.00, 888, '0000-00-00 00:00:00'),
(625, 6, 8, 20150407, 888.00, 999.00, 888, '0000-00-00 00:00:00'),
(626, 6, 8, 20150408, 888.00, 999.00, 888, '0000-00-00 00:00:00'),
(627, 6, 8, 20150409, 888.00, 999.00, 888, '0000-00-00 00:00:00'),
(628, 6, 8, 20150410, 888.00, 999.00, 888, '0000-00-00 00:00:00'),
(629, 6, 8, 20150411, 888.00, 999.00, 888, '0000-00-00 00:00:00'),
(630, 6, 8, 20150412, 888.00, 999.00, 888, '0000-00-00 00:00:00'),
(631, 6, 8, 20150413, 888.00, 999.00, 888, '0000-00-00 00:00:00'),
(632, 6, 8, 20150414, 888.00, 999.00, 888, '0000-00-00 00:00:00'),
(633, 6, 8, 20150415, 888.00, 999.00, 888, '0000-00-00 00:00:00'),
(634, 6, 8, 20150416, 888.00, 999.00, 888, '0000-00-00 00:00:00'),
(635, 6, 8, 20150417, 888.00, 999.00, 888, '0000-00-00 00:00:00'),
(636, 6, 8, 20150418, 888.00, 999.00, 888, '0000-00-00 00:00:00'),
(637, 6, 8, 20150419, 888.00, 999.00, 888, '0000-00-00 00:00:00'),
(638, 6, 8, 20150420, 888.00, 999.00, 888, '0000-00-00 00:00:00'),
(639, 6, 8, 20150421, 888.00, 999.00, 888, '0000-00-00 00:00:00'),
(640, 6, 8, 20150422, 888.00, 999.00, 888, '0000-00-00 00:00:00'),
(641, 6, 8, 20150423, 888.00, 999.00, 888, '0000-00-00 00:00:00'),
(642, 6, 8, 20150424, 888.00, 999.00, 888, '0000-00-00 00:00:00'),
(643, 6, 8, 20150425, 888.00, 999.00, 888, '0000-00-00 00:00:00'),
(644, 6, 8, 20150426, 888.00, 999.00, 888, '0000-00-00 00:00:00'),
(645, 6, 8, 20150427, 888.00, 999.00, 888, '0000-00-00 00:00:00'),
(646, 6, 8, 20150428, 888.00, 999.00, 888, '0000-00-00 00:00:00'),
(647, 6, 8, 20150429, 888.00, 999.00, 888, '0000-00-00 00:00:00'),
(648, 6, 8, 20150430, 888.00, 999.00, 888, '0000-00-00 00:00:00'),
(649, 6, 8, 20150501, 888.00, 999.00, 888, '0000-00-00 00:00:00'),
(650, 6, 8, 20150502, 888.00, 999.00, 888, '0000-00-00 00:00:00'),
(651, 6, 8, 20150503, 888.00, 999.00, 888, '0000-00-00 00:00:00'),
(652, 6, 8, 20150504, 888.00, 999.00, 888, '0000-00-00 00:00:00'),
(653, 6, 8, 20150505, 888.00, 999.00, 888, '0000-00-00 00:00:00'),
(654, 6, 8, 20150506, 888.00, 999.00, 888, '0000-00-00 00:00:00'),
(655, 6, 8, 20150507, 888.00, 999.00, 888, '0000-00-00 00:00:00'),
(656, 6, 8, 20150508, 888.00, 999.00, 888, '0000-00-00 00:00:00'),
(657, 6, 8, 20150509, 888.00, 999.00, 888, '0000-00-00 00:00:00'),
(658, 6, 8, 20150510, 888.00, 999.00, 888, '0000-00-00 00:00:00'),
(659, 6, 8, 20150511, 888.00, 999.00, 888, '0000-00-00 00:00:00'),
(660, 6, 8, 20150512, 888.00, 999.00, 888, '0000-00-00 00:00:00'),
(661, 6, 8, 20150513, 888.00, 999.00, 888, '0000-00-00 00:00:00'),
(662, 6, 8, 20150514, 888.00, 999.00, 888, '0000-00-00 00:00:00'),
(663, 6, 8, 20150515, 888.00, 999.00, 888, '0000-00-00 00:00:00'),
(664, 3, 15, 20140601, 2400.00, 1200.00, 15, '2014-05-30 09:32:56'),
(665, 3, 15, 20140602, 2400.00, 1200.00, 15, '2014-05-30 09:32:56'),
(666, 3, 15, 20140603, 2400.00, 1200.00, 15, '2014-05-30 09:32:56'),
(667, 3, 15, 20140604, 2400.00, 1200.00, 15, '2014-05-30 09:32:56'),
(668, 3, 15, 20140605, 2400.00, 1200.00, 15, '2014-05-30 09:32:56'),
(669, 3, 15, 20140606, 2400.00, 1200.00, 15, '2014-05-30 09:32:56'),
(670, 3, 15, 20140607, 2400.00, 1200.00, 15, '2014-05-30 09:32:56'),
(671, 3, 15, 20140608, 2400.00, 1200.00, 15, '2014-05-30 09:32:56'),
(672, 3, 15, 20140609, 2400.00, 1200.00, 15, '2014-05-30 09:32:56'),
(673, 3, 15, 20140610, 2400.00, 1200.00, 15, '2014-05-30 09:32:56'),
(674, 3, 15, 20140611, 2400.00, 1200.00, 15, '2014-05-30 09:32:56'),
(675, 3, 15, 20140612, 2400.00, 1200.00, 15, '2014-05-30 09:32:56'),
(676, 3, 15, 20140613, 2400.00, 1200.00, 15, '2014-05-30 09:32:56'),
(677, 3, 15, 20140614, 2400.00, 1200.00, 15, '2014-05-30 09:32:56'),
(678, 3, 15, 20140615, 2400.00, 1200.00, 15, '2014-05-30 09:32:56'),
(679, 3, 15, 20140616, 2400.00, 1200.00, 15, '2014-05-30 09:32:56'),
(680, 3, 15, 20140617, 2400.00, 1200.00, 15, '2014-05-30 09:32:56'),
(681, 3, 15, 20140618, 2400.00, 1200.00, 15, '2014-05-30 09:32:56'),
(682, 3, 15, 20140619, 2400.00, 1200.00, 15, '2014-05-30 09:32:56'),
(683, 3, 15, 20140620, 2400.00, 1200.00, 15, '2014-05-30 09:32:56'),
(684, 3, 15, 20140621, 2400.00, 1200.00, 15, '2014-05-30 09:32:56'),
(685, 3, 15, 20140622, 2400.00, 1200.00, 15, '2014-05-30 09:32:56'),
(686, 3, 15, 20140623, 2400.00, 1200.00, 15, '2014-05-30 09:32:56'),
(687, 3, 15, 20140624, 2400.00, 1200.00, 15, '2014-05-30 09:32:56'),
(688, 3, 15, 20140625, 2400.00, 1200.00, 15, '2014-05-30 09:32:56'),
(689, 3, 15, 20140626, 2400.00, 1200.00, 15, '2014-05-30 09:32:56'),
(690, 3, 15, 20140627, 2400.00, 1200.00, 15, '2014-05-30 09:32:56'),
(691, 3, 15, 20140628, 2400.00, 1200.00, 15, '2014-05-30 09:32:56'),
(692, 3, 15, 20140629, 2400.00, 1200.00, 15, '2014-05-30 09:32:56'),
(693, 3, 15, 20140630, 2400.00, 1200.00, 15, '2014-05-30 09:32:56'),
(694, 6, 16, 20140531, 999.00, 888.00, 99, '2014-05-30 13:03:56'),
(695, 6, 16, 20140601, 999.00, 888.00, 99, '2014-05-30 13:03:56'),
(696, 6, 16, 20140602, 999.00, 888.00, 99, '2014-05-30 13:03:56'),
(697, 6, 16, 20140603, 999.00, 888.00, 99, '2014-05-30 13:03:56'),
(698, 6, 16, 20140604, 999.00, 888.00, 99, '2014-05-30 13:03:56'),
(699, 6, 16, 20140605, 999.00, 888.00, 99, '2014-05-30 13:03:56'),
(700, 6, 16, 20140606, 999.00, 888.00, 99, '2014-05-30 13:03:56'),
(701, 6, 16, 20140607, 999.00, 888.00, 99, '2014-05-30 13:03:56'),
(702, 6, 16, 20140608, 999.00, 888.00, 99, '2014-05-30 13:03:56'),
(703, 6, 16, 20140609, 999.00, 888.00, 99, '2014-05-30 13:03:56'),
(704, 6, 16, 20140610, 999.00, 888.00, 99, '2014-05-30 13:03:56'),
(705, 6, 16, 20140611, 999.00, 888.00, 99, '2014-05-30 13:03:56'),
(706, 6, 16, 20140612, 999.00, 888.00, 99, '2014-05-30 13:03:56'),
(707, 6, 16, 20140613, 999.00, 888.00, 99, '2014-05-30 13:03:56'),
(708, 6, 16, 20140614, 999.00, 888.00, 99, '2014-05-30 13:03:56'),
(709, 6, 16, 20140615, 999.00, 888.00, 99, '2014-05-30 13:03:56'),
(710, 6, 16, 20140616, 999.00, 888.00, 99, '2014-05-30 13:03:56'),
(711, 6, 16, 20140617, 999.00, 888.00, 99, '2014-05-30 13:03:56'),
(712, 6, 16, 20140618, 999.00, 888.00, 99, '2014-05-30 13:03:56'),
(713, 6, 16, 20140619, 999.00, 888.00, 99, '2014-05-30 13:03:56'),
(714, 6, 16, 20140620, 999.00, 888.00, 99, '2014-05-30 13:03:56'),
(715, 6, 16, 20140621, 999.00, 888.00, 99, '2014-05-30 13:03:56'),
(716, 6, 16, 20140622, 999.00, 888.00, 99, '2014-05-30 13:03:56'),
(717, 6, 16, 20140623, 999.00, 888.00, 99, '2014-05-30 13:03:56'),
(718, 6, 16, 20140624, 999.00, 888.00, 99, '2014-05-30 13:03:56'),
(719, 6, 16, 20140625, 999.00, 888.00, 99, '2014-05-30 13:03:56'),
(720, 6, 16, 20140626, 999.00, 888.00, 99, '2014-05-30 13:03:56'),
(721, 6, 16, 20140627, 999.00, 888.00, 99, '2014-05-30 13:03:56'),
(722, 6, 16, 20140628, 999.00, 888.00, 99, '2014-05-30 13:03:56'),
(723, 3, 7, 20140528, 1200.00, 600.00, 12, '2014-05-30 14:26:37'),
(724, 3, 7, 20140529, 1200.00, 600.00, 12, '2014-05-30 14:26:37'),
(725, 3, 7, 20140530, 1200.00, 600.00, 12, '2014-05-30 14:26:37'),
(726, 3, 7, 20140531, 1200.00, 600.00, 12, '2014-05-30 14:26:37'),
(727, 3, 7, 20140601, 1200.00, 600.00, 12, '2014-05-30 14:26:37'),
(728, 3, 7, 20140602, 1200.00, 600.00, 12, '2014-05-30 14:26:37'),
(729, 3, 7, 20140603, 1200.00, 600.00, 12, '2014-05-30 14:26:37'),
(730, 3, 7, 20140604, 1200.00, 600.00, 12, '2014-05-30 14:26:37'),
(731, 3, 7, 20140605, 1200.00, 600.00, 12, '2014-05-30 14:26:37'),
(732, 3, 7, 20140606, 1200.00, 600.00, 12, '2014-05-30 14:26:37'),
(733, 3, 7, 20140607, 1200.00, 600.00, 12, '2014-05-30 14:26:37'),
(734, 3, 7, 20140608, 1200.00, 600.00, 12, '2014-05-30 14:26:37'),
(735, 3, 7, 20140609, 1200.00, 600.00, 12, '2014-05-30 14:26:37'),
(736, 3, 7, 20140610, 1200.00, 600.00, 12, '2014-05-30 14:26:37'),
(737, 3, 7, 20140611, 1200.00, 600.00, 12, '2014-05-30 14:26:37'),
(738, 3, 7, 20140612, 1200.00, 600.00, 12, '2014-05-30 14:26:37'),
(739, 3, 7, 20140613, 1200.00, 600.00, 12, '2014-05-30 14:26:37'),
(740, 3, 7, 20140614, 1200.00, 600.00, 12, '2014-05-30 14:26:37'),
(741, 3, 7, 20140615, 1200.00, 600.00, 12, '2014-05-30 14:26:37'),
(742, 3, 7, 20140616, 1200.00, 600.00, 12, '2014-05-30 14:26:37'),
(743, 3, 7, 20140617, 1200.00, 600.00, 12, '2014-05-30 14:26:37'),
(744, 3, 7, 20140618, 1200.00, 600.00, 12, '2014-05-30 14:26:37'),
(745, 3, 7, 20140619, 1200.00, 600.00, 12, '2014-05-30 14:26:37'),
(746, 3, 7, 20140620, 1200.00, 600.00, 12, '2014-05-30 14:26:37'),
(747, 3, 7, 20140621, 1200.00, 600.00, 12, '2014-05-30 14:26:37'),
(748, 3, 7, 20140622, 1200.00, 600.00, 12, '2014-05-30 14:26:37'),
(749, 3, 7, 20140623, 1200.00, 600.00, 12, '2014-05-30 14:26:37'),
(750, 3, 7, 20140624, 1200.00, 600.00, 12, '2014-05-30 14:26:37'),
(751, 3, 7, 20140625, 1200.00, 600.00, 12, '2014-05-30 14:26:37'),
(752, 3, 7, 20140626, 1200.00, 600.00, 12, '2014-05-30 14:26:37'),
(753, 3, 7, 20140627, 1200.00, 600.00, 12, '2014-05-30 14:26:37'),
(754, 3, 7, 20140628, 1200.00, 600.00, 12, '2014-05-30 14:26:37'),
(755, 3, 7, 20140629, 1200.00, 600.00, 12, '2014-05-30 14:26:37'),
(756, 3, 7, 20140630, 1200.00, 600.00, 12, '2014-05-30 14:26:37'),
(757, 3, 7, 20140701, 1200.00, 600.00, 12, '2014-05-30 14:26:37'),
(758, 3, 7, 20140702, 1200.00, 600.00, 12, '2014-05-30 14:26:37'),
(759, 3, 7, 20140703, 1200.00, 600.00, 12, '2014-05-30 14:26:37'),
(760, 3, 7, 20140704, 1200.00, 600.00, 12, '2014-05-30 14:26:37'),
(761, 3, 7, 20140705, 1200.00, 600.00, 12, '2014-05-30 14:26:37'),
(762, 3, 7, 20140706, 1200.00, 600.00, 12, '2014-05-30 14:26:37'),
(763, 3, 7, 20140707, 1200.00, 600.00, 12, '2014-05-30 14:26:37'),
(764, 3, 7, 20140708, 1200.00, 600.00, 12, '2014-05-30 14:26:37'),
(765, 3, 7, 20140709, 1200.00, 600.00, 12, '2014-05-30 14:26:37'),
(766, 3, 7, 20140710, 1200.00, 600.00, 12, '2014-05-30 14:26:37'),
(767, 3, 7, 20140711, 1200.00, 600.00, 12, '2014-05-30 14:26:37'),
(768, 3, 7, 20140712, 1200.00, 600.00, 12, '2014-05-30 14:26:37'),
(769, 3, 7, 20140713, 1200.00, 600.00, 12, '2014-05-30 14:26:37'),
(770, 3, 7, 20140714, 1200.00, 600.00, 12, '2014-05-30 14:26:37'),
(771, 3, 7, 20140715, 1200.00, 600.00, 12, '2014-05-30 14:26:37'),
(772, 3, 7, 20140716, 1200.00, 600.00, 12, '2014-05-30 14:26:37'),
(773, 3, 7, 20140717, 1200.00, 600.00, 12, '2014-05-30 14:26:37'),
(774, 3, 7, 20140718, 1200.00, 600.00, 12, '2014-05-30 14:26:37'),
(775, 3, 7, 20140719, 1200.00, 600.00, 12, '2014-05-30 14:26:37'),
(776, 3, 7, 20140720, 1200.00, 600.00, 12, '2014-05-30 14:26:37'),
(777, 3, 7, 20140721, 1200.00, 600.00, 12, '2014-05-30 14:26:37'),
(778, 3, 7, 20140722, 1200.00, 600.00, 12, '2014-05-30 14:26:37'),
(779, 3, 7, 20140723, 1200.00, 600.00, 12, '2014-05-30 14:26:37'),
(780, 3, 7, 20140724, 1200.00, 600.00, 12, '2014-05-30 14:26:37'),
(781, 3, 7, 20140725, 1200.00, 600.00, 12, '2014-05-30 14:26:37'),
(782, 3, 7, 20140726, 1200.00, 600.00, 12, '2014-05-30 14:26:37'),
(783, 7, 17, 19700101, 3000.00, 3500.00, 50, '2014-06-03 11:35:28'),
(784, 7, 17, 19700102, 3000.00, 3500.00, 50, '2014-06-03 11:35:28'),
(785, 7, 17, 19700103, 3000.00, 3500.00, 50, '2014-06-03 11:35:28'),
(786, 7, 17, 19700104, 3000.00, 3500.00, 50, '2014-06-03 11:35:28'),
(787, 7, 17, 19700105, 3000.00, 3500.00, 50, '2014-06-03 11:35:28'),
(788, 7, 17, 19700106, 3000.00, 3500.00, 50, '2014-06-03 11:35:28'),
(789, 7, 17, 19700107, 3000.00, 3500.00, 50, '2014-06-03 11:35:28'),
(790, 7, 17, 19700108, 3000.00, 3500.00, 50, '2014-06-03 11:35:28'),
(791, 7, 17, 19700109, 3000.00, 3500.00, 50, '2014-06-03 11:35:28'),
(792, 7, 17, 19700110, 3000.00, 3500.00, 50, '2014-06-03 11:35:28'),
(793, 7, 17, 19700111, 3000.00, 3500.00, 50, '2014-06-03 11:35:28'),
(794, 7, 17, 19700112, 3000.00, 3500.00, 50, '2014-06-03 11:35:28'),
(795, 7, 17, 19700113, 3000.00, 3500.00, 50, '2014-06-03 11:35:28'),
(796, 7, 17, 19700114, 3000.00, 3500.00, 50, '2014-06-03 11:35:28'),
(797, 7, 17, 19700115, 3000.00, 3500.00, 50, '2014-06-03 11:35:28'),
(798, 7, 17, 19700116, 3000.00, 3500.00, 50, '2014-06-03 11:35:28'),
(799, 7, 17, 19700117, 3000.00, 3500.00, 50, '2014-06-03 11:35:28'),
(800, 7, 17, 19700118, 3000.00, 3500.00, 50, '2014-06-03 11:35:28'),
(801, 7, 17, 19700119, 3000.00, 3500.00, 50, '2014-06-03 11:35:28'),
(802, 7, 17, 19700120, 3000.00, 3500.00, 50, '2014-06-03 11:35:28'),
(803, 7, 17, 19700121, 3000.00, 3500.00, 50, '2014-06-03 11:35:28'),
(804, 7, 17, 19700122, 3000.00, 3500.00, 50, '2014-06-03 11:35:28'),
(805, 7, 17, 19700123, 3000.00, 3500.00, 50, '2014-06-03 11:35:28'),
(806, 7, 17, 19700124, 3000.00, 3500.00, 50, '2014-06-03 11:35:28'),
(807, 7, 17, 19700125, 3000.00, 3500.00, 50, '2014-06-03 11:35:28'),
(808, 7, 17, 19700126, 3000.00, 3500.00, 50, '2014-06-03 11:35:28'),
(809, 7, 17, 19700127, 3000.00, 3500.00, 50, '2014-06-03 11:35:28'),
(810, 7, 17, 19700128, 3000.00, 3500.00, 50, '2014-06-03 11:35:28'),
(811, 7, 17, 19700129, 3000.00, 3500.00, 50, '2014-06-03 11:35:28'),
(812, 7, 17, 19700130, 3000.00, 3500.00, 50, '2014-06-03 11:35:28'),
(813, 7, 17, 19700131, 3000.00, 3500.00, 50, '2014-06-03 11:35:28'),
(814, 7, 17, 19700201, 3000.00, 3500.00, 50, '2014-06-03 11:35:28'),
(815, 7, 17, 19700202, 3000.00, 3500.00, 50, '2014-06-03 11:35:28'),
(816, 7, 17, 19700203, 3000.00, 3500.00, 50, '2014-06-03 11:35:28'),
(817, 7, 17, 19700204, 3000.00, 3500.00, 50, '2014-06-03 11:35:28'),
(818, 7, 17, 19700205, 3000.00, 3500.00, 50, '2014-06-03 11:35:28'),
(819, 7, 17, 19700206, 3000.00, 3500.00, 50, '2014-06-03 11:35:28'),
(820, 7, 17, 19700207, 3000.00, 3500.00, 50, '2014-06-03 11:35:28'),
(821, 7, 17, 19700208, 3000.00, 3500.00, 50, '2014-06-03 11:35:28'),
(822, 7, 17, 19700209, 3000.00, 3500.00, 50, '2014-06-03 11:35:28'),
(823, 7, 17, 19700210, 3000.00, 3500.00, 50, '2014-06-03 11:35:28'),
(824, 7, 17, 19700211, 3000.00, 3500.00, 50, '2014-06-03 11:35:28'),
(825, 7, 17, 19700212, 3000.00, 3500.00, 50, '2014-06-03 11:35:28'),
(826, 7, 17, 19700213, 3000.00, 3500.00, 50, '2014-06-03 11:35:28'),
(827, 7, 17, 19700214, 3000.00, 3500.00, 50, '2014-06-03 11:35:28'),
(828, 7, 17, 19700215, 3000.00, 3500.00, 50, '2014-06-03 11:35:28'),
(829, 7, 17, 19700216, 3000.00, 3500.00, 50, '2014-06-03 11:35:28'),
(830, 7, 17, 19700217, 3000.00, 3500.00, 50, '2014-06-03 11:35:28'),
(831, 7, 17, 19700218, 3000.00, 3500.00, 50, '2014-06-03 11:35:28'),
(832, 7, 17, 19700219, 3000.00, 3500.00, 50, '2014-06-03 11:35:28'),
(833, 7, 17, 19700220, 3000.00, 3500.00, 50, '2014-06-03 11:35:28'),
(834, 7, 17, 19700221, 3000.00, 3500.00, 50, '2014-06-03 11:35:28'),
(835, 7, 17, 19700222, 3000.00, 3500.00, 50, '2014-06-03 11:35:28'),
(836, 7, 17, 19700223, 3000.00, 3500.00, 50, '2014-06-03 11:35:28'),
(837, 7, 17, 19700224, 3000.00, 3500.00, 50, '2014-06-03 11:35:28'),
(838, 7, 17, 19700225, 3000.00, 3500.00, 50, '2014-06-03 11:35:28'),
(839, 7, 17, 19700226, 3000.00, 3500.00, 50, '2014-06-03 11:35:28'),
(840, 7, 17, 19700227, 3000.00, 3500.00, 50, '2014-06-03 11:35:28'),
(841, 7, 17, 19700228, 3000.00, 3500.00, 50, '2014-06-03 11:35:28'),
(842, 7, 17, 19700301, 3000.00, 3500.00, 50, '2014-06-03 11:35:28'),
(843, 7, 17, 19700302, 3000.00, 3500.00, 50, '2014-06-03 11:35:28'),
(844, 7, 17, 19700303, 3000.00, 3500.00, 50, '2014-06-03 11:35:28'),
(845, 7, 17, 19700304, 3000.00, 3500.00, 50, '2014-06-03 11:35:28'),
(846, 7, 17, 19700305, 3000.00, 3500.00, 50, '2014-06-03 11:35:28'),
(847, 7, 17, 19700306, 3000.00, 3500.00, 50, '2014-06-03 11:35:28'),
(848, 7, 17, 19700307, 3000.00, 3500.00, 50, '2014-06-03 11:35:28'),
(849, 7, 17, 19700308, 3000.00, 3500.00, 50, '2014-06-03 11:35:28'),
(850, 7, 17, 19700309, 3000.00, 3500.00, 50, '2014-06-03 11:35:28'),
(851, 7, 17, 19700310, 3000.00, 3500.00, 50, '2014-06-03 11:35:28'),
(852, 7, 17, 19700311, 3000.00, 3500.00, 50, '2014-06-03 11:35:28'),
(853, 7, 17, 19700312, 3000.00, 3500.00, 50, '2014-06-03 11:35:28'),
(854, 7, 17, 19700313, 3000.00, 3500.00, 50, '2014-06-03 11:35:28'),
(855, 7, 17, 19700314, 3000.00, 3500.00, 50, '2014-06-03 11:35:28'),
(856, 7, 17, 19700315, 3000.00, 3500.00, 50, '2014-06-03 11:35:28'),
(857, 7, 17, 19700316, 3000.00, 3500.00, 50, '2014-06-03 11:35:28'),
(858, 7, 17, 19700317, 3000.00, 3500.00, 50, '2014-06-03 11:35:28'),
(859, 7, 17, 19700318, 3000.00, 3500.00, 50, '2014-06-03 11:35:28'),
(860, 7, 17, 19700319, 3000.00, 3500.00, 50, '2014-06-03 11:35:28'),
(861, 7, 17, 19700320, 3000.00, 3500.00, 50, '2014-06-03 11:35:28'),
(862, 7, 17, 19700321, 3000.00, 3500.00, 50, '2014-06-03 11:35:28'),
(863, 7, 17, 19700322, 3000.00, 3500.00, 50, '2014-06-03 11:35:28'),
(864, 7, 17, 19700323, 3000.00, 3500.00, 50, '2014-06-03 11:35:28'),
(865, 7, 17, 19700324, 3000.00, 3500.00, 50, '2014-06-03 11:35:28'),
(866, 7, 17, 19700325, 3000.00, 3500.00, 50, '2014-06-03 11:35:28'),
(867, 7, 17, 19700326, 3000.00, 3500.00, 50, '2014-06-03 11:35:28'),
(868, 7, 17, 19700327, 3000.00, 3500.00, 50, '2014-06-03 11:35:28'),
(869, 7, 17, 19700328, 3000.00, 3500.00, 50, '2014-06-03 11:35:28'),
(870, 7, 17, 19700329, 3000.00, 3500.00, 50, '2014-06-03 11:35:28'),
(871, 7, 17, 19700330, 3000.00, 3500.00, 50, '2014-06-03 11:35:28'),
(872, 7, 17, 19700331, 3000.00, 3500.00, 50, '2014-06-03 11:35:28'),
(873, 7, 17, 19700401, 3000.00, 3500.00, 50, '2014-06-03 11:35:28'),
(874, 7, 17, 19700402, 3000.00, 3500.00, 50, '2014-06-03 11:35:28'),
(875, 7, 17, 19700403, 3000.00, 3500.00, 50, '2014-06-03 11:35:28'),
(876, 7, 17, 19700404, 3000.00, 3500.00, 50, '2014-06-03 11:35:28'),
(877, 7, 17, 19700405, 3000.00, 3500.00, 50, '2014-06-03 11:35:28'),
(878, 7, 17, 19700406, 3000.00, 3500.00, 50, '2014-06-03 11:35:28'),
(879, 7, 17, 19700407, 3000.00, 3500.00, 50, '2014-06-03 11:35:28'),
(880, 7, 17, 19700408, 3000.00, 3500.00, 50, '2014-06-03 11:35:28'),
(881, 7, 17, 19700409, 3000.00, 3500.00, 50, '2014-06-03 11:35:28'),
(882, 7, 17, 19700410, 3000.00, 3500.00, 50, '2014-06-03 11:35:28'),
(883, 7, 17, 19700411, 3000.00, 3500.00, 50, '2014-06-03 11:35:28'),
(884, 7, 17, 19700412, 3000.00, 3500.00, 50, '2014-06-03 11:35:28');
INSERT INTO `shop_product_price_detail` (`id`, `shop_id`, `item_id`, `price_date`, `adult_price`, `child_price`, `inventory`, `update_time`) VALUES
(885, 7, 17, 19700413, 3000.00, 3500.00, 50, '2014-06-03 11:35:28'),
(886, 7, 17, 19700414, 3000.00, 3500.00, 50, '2014-06-03 11:35:28'),
(887, 7, 17, 19700415, 3000.00, 3500.00, 50, '2014-06-03 11:35:28'),
(888, 7, 17, 19700416, 3000.00, 3500.00, 50, '2014-06-03 11:35:28'),
(889, 7, 17, 19700417, 3000.00, 3500.00, 50, '2014-06-03 11:35:28'),
(890, 7, 17, 19700418, 3000.00, 3500.00, 50, '2014-06-03 11:35:28'),
(891, 7, 17, 19700419, 3000.00, 3500.00, 50, '2014-06-03 11:35:28'),
(892, 7, 17, 19700420, 3000.00, 3500.00, 50, '2014-06-03 11:35:28'),
(893, 7, 17, 19700421, 3000.00, 3500.00, 50, '2014-06-03 11:35:28'),
(894, 7, 17, 19700422, 3000.00, 3500.00, 50, '2014-06-03 11:35:28'),
(895, 7, 17, 19700423, 3000.00, 3500.00, 50, '2014-06-03 11:35:28'),
(896, 7, 17, 19700424, 3000.00, 3500.00, 50, '2014-06-03 11:35:28'),
(897, 7, 17, 19700425, 3000.00, 3500.00, 50, '2014-06-03 11:35:28'),
(898, 7, 17, 19700426, 3000.00, 3500.00, 50, '2014-06-03 11:35:28'),
(899, 7, 17, 19700427, 3000.00, 3500.00, 50, '2014-06-03 11:35:28'),
(900, 7, 17, 19700428, 3000.00, 3500.00, 50, '2014-06-03 11:35:28'),
(901, 7, 17, 19700429, 3000.00, 3500.00, 50, '2014-06-03 11:35:28'),
(902, 7, 17, 19700430, 3000.00, 3500.00, 50, '2014-06-03 11:35:28'),
(903, 7, 17, 19700501, 3000.00, 3500.00, 50, '2014-06-03 11:35:28'),
(904, 7, 17, 19700502, 3000.00, 3500.00, 50, '2014-06-03 11:35:28'),
(905, 7, 17, 19700503, 3000.00, 3500.00, 50, '2014-06-03 11:35:28'),
(906, 7, 17, 19700504, 3000.00, 3500.00, 50, '2014-06-03 11:35:28'),
(907, 7, 17, 19700505, 3000.00, 3500.00, 50, '2014-06-03 11:35:28'),
(908, 7, 17, 19700506, 3000.00, 3500.00, 50, '2014-06-03 11:35:28'),
(909, 7, 17, 19700507, 3000.00, 3500.00, 50, '2014-06-03 11:35:28'),
(910, 7, 17, 19700508, 3000.00, 3500.00, 50, '2014-06-03 11:35:28'),
(911, 7, 17, 19700509, 3000.00, 3500.00, 50, '2014-06-03 11:35:28'),
(912, 7, 17, 19700510, 3000.00, 3500.00, 50, '2014-06-03 11:35:28'),
(913, 7, 17, 19700511, 3000.00, 3500.00, 50, '2014-06-03 11:35:28'),
(914, 7, 17, 19700512, 3000.00, 3500.00, 50, '2014-06-03 11:35:28'),
(915, 7, 17, 19700513, 3000.00, 3500.00, 50, '2014-06-03 11:35:28'),
(916, 7, 17, 19700514, 3000.00, 3500.00, 50, '2014-06-03 11:35:28'),
(917, 7, 17, 19700515, 3000.00, 3500.00, 50, '2014-06-03 11:35:28'),
(918, 7, 17, 19700516, 3000.00, 3500.00, 50, '2014-06-03 11:35:28'),
(919, 7, 17, 19700517, 3000.00, 3500.00, 50, '2014-06-03 11:35:28'),
(920, 7, 17, 19700518, 3000.00, 3500.00, 50, '2014-06-03 11:35:28'),
(921, 7, 17, 19700519, 3000.00, 3500.00, 50, '2014-06-03 11:35:28'),
(922, 7, 17, 19700520, 3000.00, 3500.00, 50, '2014-06-03 11:35:28'),
(923, 7, 17, 19700521, 3000.00, 3500.00, 50, '2014-06-03 11:35:28'),
(924, 7, 17, 19700522, 3000.00, 3500.00, 50, '2014-06-03 11:35:28'),
(925, 7, 17, 19700523, 3000.00, 3500.00, 50, '2014-06-03 11:35:28'),
(926, 7, 17, 19700524, 3000.00, 3500.00, 50, '2014-06-03 11:35:28'),
(927, 7, 17, 19700525, 3000.00, 3500.00, 50, '2014-06-03 11:35:28'),
(928, 7, 17, 19700526, 3000.00, 3500.00, 50, '2014-06-03 11:35:28'),
(929, 7, 17, 19700527, 3000.00, 3500.00, 50, '2014-06-03 11:35:28'),
(930, 7, 17, 19700528, 3000.00, 3500.00, 50, '2014-06-03 11:35:28'),
(931, 7, 17, 19700529, 3000.00, 3500.00, 50, '2014-06-03 11:35:28'),
(932, 7, 17, 19700530, 3000.00, 3500.00, 50, '2014-06-03 11:35:28'),
(933, 7, 17, 19700531, 3000.00, 3500.00, 50, '2014-06-03 11:35:28'),
(934, 7, 17, 19700601, 3000.00, 3500.00, 50, '2014-06-03 11:35:28'),
(935, 7, 17, 19700602, 3000.00, 3500.00, 50, '2014-06-03 11:35:28'),
(936, 7, 17, 19700603, 3000.00, 3500.00, 50, '2014-06-03 11:35:28'),
(937, 7, 17, 19700604, 3000.00, 3500.00, 50, '2014-06-03 11:35:28'),
(938, 7, 17, 19700605, 3000.00, 3500.00, 50, '2014-06-03 11:35:28'),
(939, 7, 17, 19700606, 3000.00, 3500.00, 50, '2014-06-03 11:35:28'),
(940, 7, 17, 19700607, 3000.00, 3500.00, 50, '2014-06-03 11:35:28'),
(941, 7, 17, 19700608, 3000.00, 3500.00, 50, '2014-06-03 11:35:28'),
(942, 7, 17, 19700609, 3000.00, 3500.00, 50, '2014-06-03 11:35:28'),
(943, 7, 17, 19700610, 3000.00, 3500.00, 50, '2014-06-03 11:35:28'),
(944, 7, 17, 19700611, 3000.00, 3500.00, 50, '2014-06-03 11:35:28'),
(945, 7, 17, 19700612, 3000.00, 3500.00, 50, '2014-06-03 11:35:28'),
(946, 7, 17, 19700613, 3000.00, 3500.00, 50, '2014-06-03 11:35:28'),
(947, 7, 17, 19700614, 3000.00, 3500.00, 50, '2014-06-03 11:35:28'),
(948, 7, 17, 19700615, 3000.00, 3500.00, 50, '2014-06-03 11:35:28'),
(949, 7, 17, 19700616, 3000.00, 3500.00, 50, '2014-06-03 11:35:28'),
(950, 7, 17, 19700617, 3000.00, 3500.00, 50, '2014-06-03 11:35:28'),
(951, 7, 17, 19700618, 3000.00, 3500.00, 50, '2014-06-03 11:35:28'),
(952, 7, 17, 19700619, 3000.00, 3500.00, 50, '2014-06-03 11:35:28'),
(953, 7, 17, 19700620, 3000.00, 3500.00, 50, '2014-06-03 11:35:28'),
(954, 7, 17, 19700621, 3000.00, 3500.00, 50, '2014-06-03 11:35:28'),
(955, 7, 17, 19700622, 3000.00, 3500.00, 50, '2014-06-03 11:35:28'),
(956, 7, 17, 19700623, 3000.00, 3500.00, 50, '2014-06-03 11:35:28'),
(957, 7, 17, 19700624, 3000.00, 3500.00, 50, '2014-06-03 11:35:28'),
(958, 7, 17, 19700625, 3000.00, 3500.00, 50, '2014-06-03 11:35:28'),
(959, 7, 17, 19700626, 3000.00, 3500.00, 50, '2014-06-03 11:35:28'),
(960, 7, 17, 19700627, 3000.00, 3500.00, 50, '2014-06-03 11:35:28'),
(961, 7, 17, 19700628, 3000.00, 3500.00, 50, '2014-06-03 11:35:28'),
(962, 7, 17, 19700629, 3000.00, 3500.00, 50, '2014-06-03 11:35:28'),
(963, 7, 17, 19700630, 3000.00, 3500.00, 50, '2014-06-03 11:35:28'),
(964, 7, 17, 19700701, 3000.00, 3500.00, 50, '2014-06-03 11:35:28'),
(965, 7, 17, 19700702, 3000.00, 3500.00, 50, '2014-06-03 11:35:28'),
(966, 7, 17, 19700703, 3000.00, 3500.00, 50, '2014-06-03 11:35:28'),
(967, 7, 17, 19700704, 3000.00, 3500.00, 50, '2014-06-03 11:35:28'),
(968, 7, 17, 19700705, 3000.00, 3500.00, 50, '2014-06-03 11:35:28'),
(969, 7, 17, 19700706, 3000.00, 3500.00, 50, '2014-06-03 11:35:28'),
(970, 7, 17, 19700707, 3000.00, 3500.00, 50, '2014-06-03 11:35:28'),
(971, 7, 17, 19700708, 3000.00, 3500.00, 50, '2014-06-03 11:35:28'),
(972, 7, 17, 19700709, 3000.00, 3500.00, 50, '2014-06-03 11:35:28'),
(973, 7, 17, 19700710, 3000.00, 3500.00, 50, '2014-06-03 11:35:28'),
(974, 7, 17, 19700711, 3000.00, 3500.00, 50, '2014-06-03 11:35:28'),
(975, 7, 17, 19700712, 3000.00, 3500.00, 50, '2014-06-03 11:35:28'),
(976, 7, 17, 19700713, 3000.00, 3500.00, 50, '2014-06-03 11:35:28'),
(977, 7, 17, 19700714, 3000.00, 3500.00, 50, '2014-06-03 11:35:28'),
(978, 7, 17, 19700715, 3000.00, 3500.00, 50, '2014-06-03 11:35:28'),
(979, 7, 17, 19700716, 3000.00, 3500.00, 50, '2014-06-03 11:35:28'),
(980, 7, 17, 19700717, 3000.00, 3500.00, 50, '2014-06-03 11:35:28'),
(981, 7, 17, 19700718, 3000.00, 3500.00, 50, '2014-06-03 11:35:28'),
(982, 7, 17, 19700719, 3000.00, 3500.00, 50, '2014-06-03 11:35:28'),
(983, 7, 17, 19700720, 3000.00, 3500.00, 50, '2014-06-03 11:35:28'),
(984, 7, 17, 19700721, 3000.00, 3500.00, 50, '2014-06-03 11:35:28'),
(985, 7, 17, 19700722, 3000.00, 3500.00, 50, '2014-06-03 11:35:28'),
(986, 7, 17, 19700723, 3000.00, 3500.00, 50, '2014-06-03 11:35:28'),
(987, 7, 17, 19700724, 3000.00, 3500.00, 50, '2014-06-03 11:35:28'),
(988, 7, 17, 19700725, 3000.00, 3500.00, 50, '2014-06-03 11:35:28'),
(989, 7, 17, 19700726, 3000.00, 3500.00, 50, '2014-06-03 11:35:28'),
(990, 7, 17, 19700727, 3000.00, 3500.00, 50, '2014-06-03 11:35:28'),
(991, 7, 17, 19700728, 3000.00, 3500.00, 50, '2014-06-03 11:35:28'),
(992, 7, 17, 19700729, 3000.00, 3500.00, 50, '2014-06-03 11:35:28'),
(993, 7, 17, 19700730, 3000.00, 3500.00, 50, '2014-06-03 11:35:28'),
(994, 7, 17, 19700731, 3000.00, 3500.00, 50, '2014-06-03 11:35:28'),
(995, 7, 17, 19700801, 3000.00, 3500.00, 50, '2014-06-03 11:35:28'),
(996, 7, 17, 19700802, 3000.00, 3500.00, 50, '2014-06-03 11:35:28'),
(997, 7, 17, 19700803, 3000.00, 3500.00, 50, '2014-06-03 11:35:28'),
(998, 7, 17, 19700804, 3000.00, 3500.00, 50, '2014-06-03 11:35:28'),
(999, 7, 17, 19700805, 3000.00, 3500.00, 50, '2014-06-03 11:35:28'),
(1000, 7, 17, 19700806, 3000.00, 3500.00, 50, '2014-06-03 11:35:28'),
(1001, 7, 17, 19700807, 3000.00, 3500.00, 50, '2014-06-03 11:35:28'),
(1002, 7, 17, 19700808, 3000.00, 3500.00, 50, '2014-06-03 11:35:28'),
(1003, 7, 17, 19700809, 3000.00, 3500.00, 50, '2014-06-03 11:35:28'),
(1004, 7, 17, 19700810, 3000.00, 3500.00, 50, '2014-06-03 11:35:28'),
(1005, 7, 17, 19700811, 3000.00, 3500.00, 50, '2014-06-03 11:35:28'),
(1006, 7, 17, 19700812, 3000.00, 3500.00, 50, '2014-06-03 11:35:28'),
(1007, 7, 17, 19700813, 3000.00, 3500.00, 50, '2014-06-03 11:35:28'),
(1008, 7, 17, 19700814, 3000.00, 3500.00, 50, '2014-06-03 11:35:28'),
(1009, 7, 17, 19700815, 3000.00, 3500.00, 50, '2014-06-03 11:35:28'),
(1010, 7, 17, 19700816, 3000.00, 3500.00, 50, '2014-06-03 11:35:28'),
(1011, 7, 17, 19700817, 3000.00, 3500.00, 50, '2014-06-03 11:35:28'),
(1012, 7, 17, 19700818, 3000.00, 3500.00, 50, '2014-06-03 11:35:28'),
(1013, 7, 17, 19700819, 3000.00, 3500.00, 50, '2014-06-03 11:35:28'),
(1014, 7, 17, 19700820, 3000.00, 3500.00, 50, '2014-06-03 11:35:28'),
(1015, 7, 17, 19700821, 3000.00, 3500.00, 50, '2014-06-03 11:35:28'),
(1016, 7, 17, 19700822, 3000.00, 3500.00, 50, '2014-06-03 11:35:28'),
(1017, 7, 17, 19700823, 3000.00, 3500.00, 50, '2014-06-03 11:35:28'),
(1018, 7, 17, 19700824, 3000.00, 3500.00, 50, '2014-06-03 11:35:28'),
(1019, 7, 17, 19700825, 3000.00, 3500.00, 50, '2014-06-03 11:35:28'),
(1020, 7, 17, 19700826, 3000.00, 3500.00, 50, '2014-06-03 11:35:28'),
(1021, 7, 17, 19700827, 3000.00, 3500.00, 50, '2014-06-03 11:35:28'),
(1022, 7, 17, 19700828, 3000.00, 3500.00, 50, '2014-06-03 11:35:28'),
(1023, 7, 17, 19700829, 3000.00, 3500.00, 50, '2014-06-03 11:35:28'),
(1024, 7, 17, 19700830, 3000.00, 3500.00, 50, '2014-06-03 11:35:28'),
(1025, 7, 17, 19700831, 3000.00, 3500.00, 50, '2014-06-03 11:35:28'),
(1026, 7, 17, 19700901, 3000.00, 3500.00, 50, '2014-06-03 11:35:28'),
(1027, 7, 17, 19700902, 3000.00, 3500.00, 50, '2014-06-03 11:35:28'),
(1028, 7, 17, 19700903, 3000.00, 3500.00, 50, '2014-06-03 11:35:28'),
(1029, 7, 17, 19700904, 3000.00, 3500.00, 50, '2014-06-03 11:35:28'),
(1030, 7, 17, 19700905, 3000.00, 3500.00, 50, '2014-06-03 11:35:28'),
(1031, 7, 17, 19700906, 3000.00, 3500.00, 50, '2014-06-03 11:35:28'),
(1032, 7, 17, 19700907, 3000.00, 3500.00, 50, '2014-06-03 11:35:28'),
(1033, 7, 17, 19700908, 3000.00, 3500.00, 50, '2014-06-03 11:35:28'),
(1034, 7, 17, 19700909, 3000.00, 3500.00, 50, '2014-06-03 11:35:28'),
(1035, 7, 17, 19700910, 3000.00, 3500.00, 50, '2014-06-03 11:35:28'),
(1036, 7, 17, 19700911, 3000.00, 3500.00, 50, '2014-06-03 11:35:28'),
(1037, 7, 17, 19700912, 3000.00, 3500.00, 50, '2014-06-03 11:35:28'),
(1038, 7, 17, 19700913, 3000.00, 3500.00, 50, '2014-06-03 11:35:28'),
(1039, 7, 17, 19700914, 3000.00, 3500.00, 50, '2014-06-03 11:35:28'),
(1040, 7, 17, 19700915, 3000.00, 3500.00, 50, '2014-06-03 11:35:28'),
(1041, 7, 17, 19700916, 3000.00, 3500.00, 50, '2014-06-03 11:35:28'),
(1042, 7, 17, 19700917, 3000.00, 3500.00, 50, '2014-06-03 11:35:28'),
(1043, 7, 17, 19700918, 3000.00, 3500.00, 50, '2014-06-03 11:35:28'),
(1044, 7, 17, 19700919, 3000.00, 3500.00, 50, '2014-06-03 11:35:28'),
(1045, 7, 17, 19700920, 3000.00, 3500.00, 50, '2014-06-03 11:35:28'),
(1046, 7, 17, 19700921, 3000.00, 3500.00, 50, '2014-06-03 11:35:28'),
(1047, 7, 17, 19700922, 3000.00, 3500.00, 50, '2014-06-03 11:35:28'),
(1048, 7, 17, 19700923, 3000.00, 3500.00, 50, '2014-06-03 11:35:28'),
(1049, 7, 17, 19700924, 3000.00, 3500.00, 50, '2014-06-03 11:35:28'),
(1050, 7, 17, 19700925, 3000.00, 3500.00, 50, '2014-06-03 11:35:28'),
(1051, 7, 17, 19700926, 3000.00, 3500.00, 50, '2014-06-03 11:35:28'),
(1052, 7, 17, 19700927, 3000.00, 3500.00, 50, '2014-06-03 11:35:28'),
(1053, 7, 17, 19700928, 3000.00, 3500.00, 50, '2014-06-03 11:35:28'),
(1054, 7, 17, 19700929, 3000.00, 3500.00, 50, '2014-06-03 11:35:28'),
(1055, 7, 17, 19700930, 3000.00, 3500.00, 50, '2014-06-03 11:35:28'),
(1056, 7, 17, 19701001, 3000.00, 3500.00, 50, '2014-06-03 11:35:28'),
(1057, 7, 17, 19701002, 3000.00, 3500.00, 50, '2014-06-03 11:35:28'),
(1058, 7, 17, 19701003, 3000.00, 3500.00, 50, '2014-06-03 11:35:28'),
(1059, 7, 17, 19701004, 3000.00, 3500.00, 50, '2014-06-03 11:35:28'),
(1060, 7, 17, 19701005, 3000.00, 3500.00, 50, '2014-06-03 11:35:28'),
(1061, 7, 17, 19701006, 3000.00, 3500.00, 50, '2014-06-03 11:35:28'),
(1062, 7, 17, 19701007, 3000.00, 3500.00, 50, '2014-06-03 11:35:28'),
(1063, 7, 17, 19701008, 3000.00, 3500.00, 50, '2014-06-03 11:35:28'),
(1064, 7, 17, 19701009, 3000.00, 3500.00, 50, '2014-06-03 11:35:28'),
(1065, 7, 17, 19701010, 3000.00, 3500.00, 50, '2014-06-03 11:35:28'),
(1066, 7, 17, 19701011, 3000.00, 3500.00, 50, '2014-06-03 11:35:28'),
(1067, 7, 17, 19701012, 3000.00, 3500.00, 50, '2014-06-03 11:35:28'),
(1068, 7, 17, 19701013, 3000.00, 3500.00, 50, '2014-06-03 11:35:28'),
(1069, 7, 17, 19701014, 3000.00, 3500.00, 50, '2014-06-03 11:35:28'),
(1070, 7, 17, 19701015, 3000.00, 3500.00, 50, '2014-06-03 11:35:28'),
(1071, 7, 17, 19701016, 3000.00, 3500.00, 50, '2014-06-03 11:35:28'),
(1072, 7, 17, 19701017, 3000.00, 3500.00, 50, '2014-06-03 11:35:28'),
(1073, 7, 17, 19701018, 3000.00, 3500.00, 50, '2014-06-03 11:35:28'),
(1074, 7, 17, 19701019, 3000.00, 3500.00, 50, '2014-06-03 11:35:28'),
(1075, 7, 17, 19701020, 3000.00, 3500.00, 50, '2014-06-03 11:35:28'),
(1076, 7, 17, 19701021, 3000.00, 3500.00, 50, '2014-06-03 11:35:28'),
(1077, 7, 17, 19701022, 3000.00, 3500.00, 50, '2014-06-03 11:35:28'),
(1078, 7, 17, 19701023, 3000.00, 3500.00, 50, '2014-06-03 11:35:28'),
(1079, 7, 17, 19701024, 3000.00, 3500.00, 50, '2014-06-03 11:35:28'),
(1080, 7, 17, 19701025, 3000.00, 3500.00, 50, '2014-06-03 11:35:28'),
(1081, 7, 17, 19701026, 3000.00, 3500.00, 50, '2014-06-03 11:35:28'),
(1082, 7, 17, 19701027, 3000.00, 3500.00, 50, '2014-06-03 11:35:28'),
(1083, 7, 17, 19701028, 3000.00, 3500.00, 50, '2014-06-03 11:35:28'),
(1084, 7, 17, 19701029, 3000.00, 3500.00, 50, '2014-06-03 11:35:28'),
(1085, 7, 17, 19701030, 3000.00, 3500.00, 50, '2014-06-03 11:35:28'),
(1086, 7, 17, 19701031, 3000.00, 3500.00, 50, '2014-06-03 11:35:28'),
(1087, 7, 17, 19701101, 3000.00, 3500.00, 50, '2014-06-03 11:35:28'),
(1088, 7, 17, 19701102, 3000.00, 3500.00, 50, '2014-06-03 11:35:28'),
(1089, 7, 17, 19701103, 3000.00, 3500.00, 50, '2014-06-03 11:35:29'),
(1090, 7, 17, 19701104, 3000.00, 3500.00, 50, '2014-06-03 11:35:29'),
(1091, 7, 17, 19701105, 3000.00, 3500.00, 50, '2014-06-03 11:35:29'),
(1092, 7, 17, 19701106, 3000.00, 3500.00, 50, '2014-06-03 11:35:29'),
(1093, 7, 17, 19701107, 3000.00, 3500.00, 50, '2014-06-03 11:35:29'),
(1094, 7, 17, 19701108, 3000.00, 3500.00, 50, '2014-06-03 11:35:29'),
(1095, 7, 17, 19701109, 3000.00, 3500.00, 50, '2014-06-03 11:35:29'),
(1096, 7, 17, 19701110, 3000.00, 3500.00, 50, '2014-06-03 11:35:29'),
(1097, 7, 17, 19701111, 3000.00, 3500.00, 50, '2014-06-03 11:35:29'),
(1098, 7, 17, 19701112, 3000.00, 3500.00, 50, '2014-06-03 11:35:29'),
(1099, 7, 17, 19701113, 3000.00, 3500.00, 50, '2014-06-03 11:35:29'),
(1100, 7, 17, 19701114, 3000.00, 3500.00, 50, '2014-06-03 11:35:29'),
(1101, 7, 17, 19701115, 3000.00, 3500.00, 50, '2014-06-03 11:35:29'),
(1102, 7, 17, 19701116, 3000.00, 3500.00, 50, '2014-06-03 11:35:29'),
(1103, 7, 17, 19701117, 3000.00, 3500.00, 50, '2014-06-03 11:35:29'),
(1104, 7, 17, 19701118, 3000.00, 3500.00, 50, '2014-06-03 11:35:29'),
(1105, 7, 17, 19701119, 3000.00, 3500.00, 50, '2014-06-03 11:35:29'),
(1106, 7, 17, 19701120, 3000.00, 3500.00, 50, '2014-06-03 11:35:29'),
(1107, 7, 17, 19701121, 3000.00, 3500.00, 50, '2014-06-03 11:35:29'),
(1108, 7, 17, 19701122, 3000.00, 3500.00, 50, '2014-06-03 11:35:29'),
(1109, 7, 17, 19701123, 3000.00, 3500.00, 50, '2014-06-03 11:35:29'),
(1110, 7, 17, 19701124, 3000.00, 3500.00, 50, '2014-06-03 11:35:29'),
(1111, 7, 17, 19701125, 3000.00, 3500.00, 50, '2014-06-03 11:35:29'),
(1112, 7, 17, 19701126, 3000.00, 3500.00, 50, '2014-06-03 11:35:29'),
(1113, 7, 17, 19701127, 3000.00, 3500.00, 50, '2014-06-03 11:35:29'),
(1114, 7, 17, 19701128, 3000.00, 3500.00, 50, '2014-06-03 11:35:29'),
(1115, 7, 17, 19701129, 3000.00, 3500.00, 50, '2014-06-03 11:35:29'),
(1116, 7, 17, 19701130, 3000.00, 3500.00, 50, '2014-06-03 11:35:29'),
(1117, 7, 17, 19701201, 3000.00, 3500.00, 50, '2014-06-03 11:35:29'),
(1118, 7, 17, 19701202, 3000.00, 3500.00, 50, '2014-06-03 11:35:29'),
(1119, 7, 17, 19701203, 3000.00, 3500.00, 50, '2014-06-03 11:35:29'),
(1120, 7, 17, 19701204, 3000.00, 3500.00, 50, '2014-06-03 11:35:29'),
(1121, 7, 17, 19701205, 3000.00, 3500.00, 50, '2014-06-03 11:35:29'),
(1122, 7, 17, 19701206, 3000.00, 3500.00, 50, '2014-06-03 11:35:29'),
(1123, 7, 17, 19701207, 3000.00, 3500.00, 50, '2014-06-03 11:35:29'),
(1124, 7, 17, 19701208, 3000.00, 3500.00, 50, '2014-06-03 11:35:29'),
(1125, 7, 17, 19701209, 3000.00, 3500.00, 50, '2014-06-03 11:35:29'),
(1126, 7, 17, 19701210, 3000.00, 3500.00, 50, '2014-06-03 11:35:29'),
(1127, 7, 17, 19701211, 3000.00, 3500.00, 50, '2014-06-03 11:35:29'),
(1128, 7, 17, 19701212, 3000.00, 3500.00, 50, '2014-06-03 11:35:29'),
(1129, 7, 17, 19701213, 3000.00, 3500.00, 50, '2014-06-03 11:35:29'),
(1130, 7, 17, 19701214, 3000.00, 3500.00, 50, '2014-06-03 11:35:29'),
(1131, 7, 17, 19701215, 3000.00, 3500.00, 50, '2014-06-03 11:35:29'),
(1132, 7, 17, 19701216, 3000.00, 3500.00, 50, '2014-06-03 11:35:29'),
(1133, 7, 17, 19701217, 3000.00, 3500.00, 50, '2014-06-03 11:35:29'),
(1134, 7, 17, 19701218, 3000.00, 3500.00, 50, '2014-06-03 11:35:29'),
(1135, 7, 17, 19701219, 3000.00, 3500.00, 50, '2014-06-03 11:35:29'),
(1136, 7, 17, 19701220, 3000.00, 3500.00, 50, '2014-06-03 11:35:29'),
(1137, 7, 17, 19701221, 3000.00, 3500.00, 50, '2014-06-03 11:35:29'),
(1138, 7, 17, 19701222, 3000.00, 3500.00, 50, '2014-06-03 11:35:29'),
(1139, 7, 17, 19701223, 3000.00, 3500.00, 50, '2014-06-03 11:35:29'),
(1140, 7, 17, 19701224, 3000.00, 3500.00, 50, '2014-06-03 11:35:29'),
(1141, 7, 17, 19701225, 3000.00, 3500.00, 50, '2014-06-03 11:35:29'),
(1142, 7, 17, 19701226, 3000.00, 3500.00, 50, '2014-06-03 11:35:29'),
(1143, 7, 17, 19701227, 3000.00, 3500.00, 50, '2014-06-03 11:35:29'),
(1144, 7, 17, 19701228, 3000.00, 3500.00, 50, '2014-06-03 11:35:29'),
(1145, 7, 17, 19701229, 3000.00, 3500.00, 50, '2014-06-03 11:35:29'),
(1146, 7, 17, 19701230, 3000.00, 3500.00, 50, '2014-06-03 11:35:29'),
(1147, 7, 17, 19701231, 3000.00, 3500.00, 50, '2014-06-03 11:35:29'),
(1148, 6, 16, 20140509, 0.00, 0.00, 0, '2014-06-05 23:52:44'),
(1149, 5, 18, 20140530, 300.00, 200.00, 200, '2014-06-06 17:26:22'),
(1150, 5, 18, 20140531, 300.00, 200.00, 200, '2014-06-06 17:26:22'),
(1151, 5, 18, 20140601, 300.00, 200.00, 200, '2014-06-06 17:26:22'),
(1152, 5, 18, 20140602, 300.00, 200.00, 200, '2014-06-06 17:26:22'),
(1153, 5, 18, 20140603, 300.00, 200.00, 200, '2014-06-06 17:26:22'),
(1154, 5, 18, 20140604, 300.00, 200.00, 200, '2014-06-06 17:26:22'),
(1155, 5, 18, 20140605, 300.00, 200.00, 200, '2014-06-06 17:26:22'),
(1156, 5, 18, 20140606, 300.00, 200.00, 200, '2014-06-06 17:26:22'),
(1157, 5, 18, 20140607, 300.00, 200.00, 200, '2014-06-06 17:26:22'),
(1158, 5, 18, 20140608, 300.00, 200.00, 200, '2014-06-06 17:26:22'),
(1159, 5, 18, 20140609, 300.00, 200.00, 200, '2014-06-06 17:26:22'),
(1160, 5, 18, 20140610, 300.00, 200.00, 200, '2014-06-06 17:26:22'),
(1161, 5, 18, 20140611, 300.00, 200.00, 200, '2014-06-06 17:26:22'),
(1162, 5, 18, 20140612, 300.00, 200.00, 200, '2014-06-06 17:26:22'),
(1163, 5, 18, 20140613, 300.00, 200.00, 200, '2014-06-06 17:26:22'),
(1164, 5, 18, 20140614, 300.00, 200.00, 200, '2014-06-06 17:26:22'),
(1165, 5, 18, 20140615, 300.00, 200.00, 200, '2014-06-06 17:26:22'),
(1166, 5, 18, 20140616, 300.00, 200.00, 200, '2014-06-06 17:26:22'),
(1167, 5, 18, 20140617, 300.00, 200.00, 200, '2014-06-06 17:26:22'),
(1168, 5, 18, 20140618, 300.00, 200.00, 200, '2014-06-06 17:26:22'),
(1169, 5, 18, 20140619, 300.00, 200.00, 200, '2014-06-06 17:26:22'),
(1170, 5, 18, 20140620, 300.00, 200.00, 200, '2014-06-06 17:26:22'),
(1171, 5, 18, 20140621, 300.00, 200.00, 200, '2014-06-06 17:26:22'),
(1172, 5, 18, 20140622, 300.00, 200.00, 200, '2014-06-06 17:26:22'),
(1173, 5, 18, 20140623, 300.00, 200.00, 200, '2014-06-06 17:26:22'),
(1174, 5, 18, 20140624, 300.00, 200.00, 200, '2014-06-06 17:26:22'),
(1175, 5, 18, 20140625, 300.00, 200.00, 200, '2014-06-06 17:26:22'),
(1176, 5, 18, 20140626, 300.00, 200.00, 200, '2014-06-06 17:26:22'),
(1177, 5, 18, 20140627, 300.00, 200.00, 200, '2014-06-06 17:26:22'),
(1178, 5, 18, 20140628, 300.00, 200.00, 200, '2014-06-06 17:26:22'),
(1179, 5, 18, 20140629, 300.00, 200.00, 200, '2014-06-06 17:26:22'),
(1180, 5, 18, 20140630, 300.00, 200.00, 200, '2014-06-06 17:26:22'),
(1181, 5, 19, 20140607, 2.00, 3.00, 3, '2014-06-07 10:15:28'),
(1182, 5, 19, 20140608, 2.00, 3.00, 3, '2014-06-07 10:15:28'),
(1183, 5, 19, 20140609, 2.00, 3.00, 3, '2014-06-07 10:15:28'),
(1184, 5, 19, 20140610, 2.00, 3.00, 3, '2014-06-07 10:15:28'),
(1185, 5, 19, 20140611, 2.00, 3.00, 3, '2014-06-07 10:15:28'),
(1186, 5, 19, 20140612, 2.00, 3.00, 3, '2014-06-07 10:15:28'),
(1187, 5, 19, 20140613, 2.00, 3.00, 3, '2014-06-07 10:15:28'),
(1188, 5, 19, 20140614, 2.00, 3.00, 3, '2014-06-07 10:15:28'),
(1189, 5, 19, 20140615, 2.00, 3.00, 3, '2014-06-07 10:15:28'),
(1190, 5, 19, 20140616, 2.00, 3.00, 3, '2014-06-07 10:15:28'),
(1191, 5, 19, 20140617, 2.00, 3.00, 3, '2014-06-07 10:15:28'),
(1192, 5, 19, 20140618, 2.00, 3.00, 3, '2014-06-07 10:15:28'),
(1193, 5, 19, 20140619, 2.00, 3.00, 3, '2014-06-07 10:15:28'),
(1194, 5, 19, 20140620, 2.00, 3.00, 3, '2014-06-07 10:15:28'),
(1195, 5, 19, 20140621, 2.00, 3.00, 3, '2014-06-07 10:15:28'),
(1196, 5, 19, 20140622, 2.00, 3.00, 3, '2014-06-07 10:15:28'),
(1197, 5, 19, 20140623, 2.00, 3.00, 3, '2014-06-07 10:15:28'),
(1198, 5, 19, 20140624, 2.00, 3.00, 3, '2014-06-07 10:15:28'),
(1199, 5, 19, 20140625, 2.00, 3.00, 3, '2014-06-07 10:15:28'),
(1200, 5, 19, 20140626, 2.00, 3.00, 3, '2014-06-07 10:15:28'),
(1201, 5, 19, 20140627, 2.00, 3.00, 3, '2014-06-07 10:15:28'),
(1202, 5, 19, 20140628, 2.00, 3.00, 3, '2014-06-07 10:15:28'),
(1203, 5, 19, 20140629, 2.00, 3.00, 3, '2014-06-07 10:15:28'),
(1204, 5, 19, 20140630, 2.00, 3.00, 3, '2014-06-07 10:15:28'),
(1205, 5, 19, 20140701, 2.00, 3.00, 3, '2014-06-07 10:15:28'),
(1206, 5, 19, 20140702, 2.00, 3.00, 3, '2014-06-07 10:15:28'),
(1207, 5, 19, 20140703, 2.00, 3.00, 3, '2014-06-07 10:15:28'),
(1208, 5, 19, 20140704, 2.00, 3.00, 3, '2014-06-07 10:15:28'),
(1209, 5, 19, 20140705, 2.00, 3.00, 3, '2014-06-07 10:15:28'),
(1210, 5, 19, 20140706, 2.00, 3.00, 3, '2014-06-07 10:15:28'),
(1211, 5, 19, 20140707, 2.00, 3.00, 3, '2014-06-07 10:15:28'),
(1212, 5, 20, 20140607, 22.00, 33.00, 3, '2014-06-07 10:24:17'),
(1213, 5, 20, 20140608, 22.00, 33.00, 3, '2014-06-07 10:24:17'),
(1214, 5, 20, 20140609, 22.00, 33.00, 3, '2014-06-07 10:24:17'),
(1215, 5, 20, 20140610, 22.00, 33.00, 3, '2014-06-07 10:24:17'),
(1216, 5, 20, 20140611, 22.00, 33.00, 3, '2014-06-07 10:24:17'),
(1217, 5, 20, 20140612, 22.00, 33.00, 3, '2014-06-07 10:24:17'),
(1218, 5, 20, 20140613, 22.00, 33.00, 3, '2014-06-07 10:24:17'),
(1219, 5, 20, 20140614, 22.00, 33.00, 3, '2014-06-07 10:24:17'),
(1220, 5, 20, 20140615, 22.00, 33.00, 3, '2014-06-07 10:24:17'),
(1221, 5, 20, 20140616, 22.00, 33.00, 3, '2014-06-07 10:24:17'),
(1222, 5, 20, 20140617, 22.00, 33.00, 3, '2014-06-07 10:24:17'),
(1223, 5, 20, 20140618, 22.00, 33.00, 3, '2014-06-07 10:24:17'),
(1224, 5, 20, 20140619, 22.00, 33.00, 3, '2014-06-07 10:24:17'),
(1225, 5, 20, 20140620, 22.00, 33.00, 3, '2014-06-07 10:24:17'),
(1226, 5, 20, 20140621, 22.00, 33.00, 3, '2014-06-07 10:24:17'),
(1227, 5, 20, 20140622, 22.00, 33.00, 3, '2014-06-07 10:24:17'),
(1228, 5, 20, 20140623, 22.00, 33.00, 3, '2014-06-07 10:24:17'),
(1229, 5, 20, 20140624, 22.00, 33.00, 3, '2014-06-07 10:24:17'),
(1230, 5, 20, 20140625, 22.00, 33.00, 3, '2014-06-07 10:24:17'),
(1231, 5, 20, 20140626, 22.00, 33.00, 3, '2014-06-07 10:24:17'),
(1232, 5, 20, 20140627, 22.00, 33.00, 3, '2014-06-07 10:24:17'),
(1233, 5, 20, 20140628, 22.00, 33.00, 3, '2014-06-07 10:24:17'),
(1234, 5, 20, 20140629, 22.00, 33.00, 3, '2014-06-07 10:24:17'),
(1235, 5, 20, 20140630, 22.00, 33.00, 3, '2014-06-07 10:24:17'),
(1236, 5, 20, 20140701, 22.00, 33.00, 3, '2014-06-07 10:24:17'),
(1237, 5, 20, 20140702, 22.00, 33.00, 3, '2014-06-07 10:24:17'),
(1238, 5, 20, 20140703, 22.00, 33.00, 3, '2014-06-07 10:24:17'),
(1239, 5, 20, 20140704, 22.00, 33.00, 3, '2014-06-07 10:24:17'),
(1240, 5, 20, 20140705, 22.00, 33.00, 3, '2014-06-07 10:24:17'),
(1241, 5, 20, 20140706, 22.00, 33.00, 3, '2014-06-07 10:24:17'),
(1242, 5, 20, 20140707, 22.00, 33.00, 3, '2014-06-07 10:24:17'),
(1243, 6, 21, 20140623, 888.00, 666.00, 99, '2014-06-23 12:02:59'),
(1244, 6, 21, 20140624, 888.00, 666.00, 99, '2014-06-23 12:02:59'),
(1245, 6, 21, 20140625, 888.00, 666.00, 99, '2014-06-23 12:02:59'),
(1246, 6, 21, 20140626, 888.00, 666.00, 99, '2014-06-23 12:02:59'),
(1247, 6, 21, 20140627, 888.00, 666.00, 99, '2014-06-23 12:02:59'),
(1248, 6, 21, 20140628, 888.00, 666.00, 99, '2014-06-23 12:02:59'),
(1249, 6, 21, 20140629, 888.00, 666.00, 99, '2014-06-23 12:02:59'),
(1250, 6, 21, 20140630, 888.00, 666.00, 99, '2014-06-23 12:02:59'),
(1251, 6, 21, 20140701, 888.00, 666.00, 99, '2014-06-23 12:02:59'),
(1252, 6, 21, 20140702, 888.00, 666.00, 99, '2014-06-23 12:02:59'),
(1253, 6, 21, 20140703, 888.00, 666.00, 99, '2014-06-23 12:02:59'),
(1254, 6, 21, 20140704, 888.00, 666.00, 99, '2014-06-23 12:02:59'),
(1255, 6, 21, 20140705, 888.00, 666.00, 99, '2014-06-23 12:02:59'),
(1256, 6, 21, 20140706, 888.00, 666.00, 99, '2014-06-23 12:02:59'),
(1257, 6, 21, 20140707, 888.00, 666.00, 99, '2014-06-23 12:02:59'),
(1258, 6, 21, 20140708, 888.00, 666.00, 99, '2014-06-23 12:02:59'),
(1259, 6, 21, 20140709, 888.00, 666.00, 99, '2014-06-23 12:02:59'),
(1260, 6, 21, 20140710, 888.00, 666.00, 99, '2014-06-23 12:02:59'),
(1261, 6, 21, 20140711, 888.00, 666.00, 99, '2014-06-23 12:02:59'),
(1262, 6, 21, 20140712, 888.00, 666.00, 99, '2014-06-23 12:02:59'),
(1263, 6, 21, 20140713, 888.00, 666.00, 99, '2014-06-23 12:02:59'),
(1264, 6, 21, 20140714, 888.00, 666.00, 99, '2014-06-23 12:02:59'),
(1265, 6, 21, 20140715, 888.00, 666.00, 99, '2014-06-23 12:02:59'),
(1266, 6, 21, 20140716, 888.00, 666.00, 99, '2014-06-23 12:02:59'),
(1267, 6, 21, 20140717, 888.00, 666.00, 99, '2014-06-23 12:02:59'),
(1268, 6, 21, 20140718, 888.00, 666.00, 99, '2014-06-23 12:02:59'),
(1269, 6, 21, 20140719, 888.00, 666.00, 99, '2014-06-23 12:02:59'),
(1270, 6, 21, 20140720, 888.00, 666.00, 99, '2014-06-23 12:02:59'),
(1271, 6, 21, 20140721, 888.00, 666.00, 99, '2014-06-23 12:02:59'),
(1272, 6, 21, 20140722, 888.00, 666.00, 99, '2014-06-23 12:02:59'),
(1273, 6, 21, 20140723, 888.00, 666.00, 99, '2014-06-23 12:02:59'),
(1274, 6, 21, 20140724, 888.00, 666.00, 99, '2014-06-23 12:02:59'),
(1275, 6, 21, 20140725, 888.00, 666.00, 99, '2014-06-23 12:02:59'),
(1276, 6, 21, 20140726, 888.00, 666.00, 99, '2014-06-23 12:02:59'),
(1277, 6, 21, 20140727, 888.00, 666.00, 99, '2014-06-23 12:02:59'),
(1278, 6, 21, 20140728, 888.00, 666.00, 99, '2014-06-23 12:02:59'),
(1279, 6, 21, 20140729, 888.00, 666.00, 99, '2014-06-23 12:02:59'),
(1280, 6, 21, 20140730, 888.00, 666.00, 99, '2014-06-23 12:02:59'),
(1281, 6, 21, 20140731, 888.00, 666.00, 99, '2014-06-23 12:02:59'),
(1282, 6, 21, 20140801, 888.00, 666.00, 99, '2014-06-23 12:02:59'),
(1283, 6, 21, 20140802, 888.00, 666.00, 99, '2014-06-23 12:02:59'),
(1284, 6, 21, 20140803, 888.00, 666.00, 99, '2014-06-23 12:02:59'),
(1285, 6, 21, 20140804, 888.00, 666.00, 99, '2014-06-23 12:02:59'),
(1286, 6, 21, 20140805, 888.00, 666.00, 99, '2014-06-23 12:02:59'),
(1287, 6, 21, 20140806, 888.00, 666.00, 99, '2014-06-23 12:02:59'),
(1288, 6, 21, 20140807, 888.00, 666.00, 99, '2014-06-23 12:02:59'),
(1289, 6, 21, 20140808, 888.00, 666.00, 99, '2014-06-23 12:02:59'),
(1290, 6, 21, 20140809, 888.00, 666.00, 99, '2014-06-23 12:02:59'),
(1291, 6, 21, 20140810, 888.00, 666.00, 99, '2014-06-23 12:02:59'),
(1292, 6, 21, 20140811, 888.00, 666.00, 99, '2014-06-23 12:02:59'),
(1293, 6, 21, 20140812, 888.00, 666.00, 99, '2014-06-23 12:02:59'),
(1294, 6, 21, 20140813, 888.00, 666.00, 99, '2014-06-23 12:02:59'),
(1295, 6, 21, 20140814, 888.00, 666.00, 99, '2014-06-23 12:02:59'),
(1296, 6, 21, 20140815, 888.00, 666.00, 99, '2014-06-23 12:02:59'),
(1297, 6, 21, 20140816, 888.00, 666.00, 99, '2014-06-23 12:02:59'),
(1298, 6, 21, 20140817, 888.00, 666.00, 99, '2014-06-23 12:02:59'),
(1299, 6, 21, 20140818, 888.00, 666.00, 99, '2014-06-23 12:02:59'),
(1300, 6, 21, 20140819, 888.00, 666.00, 99, '2014-06-23 12:02:59'),
(1301, 6, 21, 20140820, 888.00, 666.00, 99, '2014-06-23 12:02:59'),
(1302, 6, 21, 20140821, 888.00, 666.00, 99, '2014-06-23 12:02:59'),
(1303, 6, 21, 20140822, 888.00, 666.00, 99, '2014-06-23 12:02:59'),
(1304, 6, 21, 20140823, 888.00, 666.00, 99, '2014-06-23 12:02:59'),
(1305, 6, 21, 20140824, 888.00, 666.00, 99, '2014-06-23 12:02:59'),
(1306, 6, 21, 20140825, 888.00, 666.00, 99, '2014-06-23 12:02:59'),
(1307, 6, 21, 20140826, 888.00, 666.00, 99, '2014-06-23 12:02:59'),
(1308, 6, 21, 20140827, 888.00, 666.00, 99, '2014-06-23 12:02:59'),
(1309, 6, 21, 20140828, 888.00, 666.00, 99, '2014-06-23 12:02:59'),
(1310, 6, 21, 20140829, 888.00, 666.00, 99, '2014-06-23 12:02:59'),
(1311, 6, 21, 20140830, 888.00, 666.00, 99, '2014-06-23 12:02:59'),
(1312, 6, 21, 20140831, 888.00, 666.00, 99, '2014-06-23 12:02:59'),
(1313, 6, 21, 20140901, 888.00, 666.00, 99, '2014-06-23 12:02:59'),
(1314, 6, 21, 20140902, 888.00, 666.00, 99, '2014-06-23 12:02:59'),
(1315, 6, 21, 20140903, 888.00, 666.00, 99, '2014-06-23 12:02:59'),
(1316, 6, 21, 20140904, 888.00, 666.00, 99, '2014-06-23 12:02:59'),
(1317, 6, 21, 20140905, 888.00, 666.00, 99, '2014-06-23 12:02:59'),
(1318, 6, 21, 20140906, 888.00, 666.00, 99, '2014-06-23 12:02:59'),
(1319, 6, 21, 20140907, 888.00, 666.00, 99, '2014-06-23 12:02:59'),
(1320, 6, 21, 20140908, 888.00, 666.00, 99, '2014-06-23 12:02:59'),
(1321, 6, 21, 20140909, 888.00, 666.00, 99, '2014-06-23 12:02:59'),
(1322, 6, 21, 20140910, 888.00, 666.00, 99, '2014-06-23 12:02:59'),
(1323, 6, 21, 20140911, 888.00, 666.00, 99, '2014-06-23 12:02:59'),
(1324, 6, 21, 20140912, 888.00, 666.00, 99, '2014-06-23 12:02:59'),
(1325, 6, 21, 20140913, 888.00, 666.00, 99, '2014-06-23 12:02:59'),
(1326, 6, 21, 20140914, 888.00, 666.00, 99, '2014-06-23 12:02:59'),
(1327, 6, 21, 20140915, 888.00, 666.00, 99, '2014-06-23 12:02:59'),
(1328, 6, 21, 20140916, 888.00, 666.00, 99, '2014-06-23 12:02:59'),
(1329, 6, 21, 20140917, 888.00, 666.00, 99, '2014-06-23 12:02:59'),
(1330, 6, 21, 20140918, 888.00, 666.00, 99, '2014-06-23 12:02:59'),
(1331, 6, 21, 20140919, 888.00, 666.00, 99, '2014-06-23 12:02:59'),
(1332, 6, 21, 20140920, 888.00, 666.00, 99, '2014-06-23 12:02:59'),
(1333, 6, 21, 20140921, 888.00, 666.00, 99, '2014-06-23 12:02:59'),
(1334, 6, 21, 20140922, 888.00, 666.00, 99, '2014-06-23 12:02:59'),
(1335, 6, 21, 20140923, 888.00, 666.00, 99, '2014-06-23 12:02:59'),
(1336, 6, 21, 20140924, 888.00, 666.00, 99, '2014-06-23 12:02:59'),
(1337, 6, 21, 20140925, 888.00, 666.00, 99, '2014-06-23 12:02:59'),
(1338, 6, 21, 20140926, 888.00, 666.00, 99, '2014-06-23 12:02:59'),
(1339, 6, 21, 20140927, 888.00, 666.00, 99, '2014-06-23 12:02:59'),
(1340, 6, 21, 20140928, 888.00, 666.00, 99, '2014-06-23 12:02:59'),
(1341, 6, 21, 20140929, 888.00, 666.00, 99, '2014-06-23 12:02:59'),
(1342, 6, 21, 20140930, 888.00, 666.00, 99, '2014-06-23 12:02:59'),
(1343, 6, 21, 20141001, 888.00, 666.00, 99, '2014-06-23 12:02:59'),
(1344, 6, 21, 20141002, 888.00, 666.00, 99, '2014-06-23 12:02:59'),
(1345, 6, 21, 20141003, 888.00, 666.00, 99, '2014-06-23 12:02:59'),
(1346, 6, 21, 20141004, 888.00, 666.00, 99, '2014-06-23 12:02:59'),
(1347, 6, 21, 20141005, 888.00, 666.00, 99, '2014-06-23 12:02:59'),
(1348, 6, 21, 20141006, 888.00, 666.00, 99, '2014-06-23 12:02:59'),
(1349, 6, 21, 20141007, 888.00, 666.00, 99, '2014-06-23 12:02:59'),
(1350, 6, 21, 20141008, 888.00, 666.00, 99, '2014-06-23 12:02:59'),
(1351, 6, 21, 20141009, 888.00, 666.00, 99, '2014-06-23 12:02:59'),
(1352, 6, 21, 20141010, 888.00, 666.00, 99, '2014-06-23 12:02:59'),
(1353, 6, 21, 20141011, 888.00, 666.00, 99, '2014-06-23 12:02:59'),
(1354, 6, 21, 20141012, 888.00, 666.00, 99, '2014-06-23 12:02:59'),
(1355, 6, 21, 20141013, 888.00, 666.00, 99, '2014-06-23 12:02:59'),
(1356, 6, 21, 20141014, 888.00, 666.00, 99, '2014-06-23 12:02:59'),
(1357, 6, 21, 20141015, 888.00, 666.00, 99, '2014-06-23 12:02:59'),
(1358, 6, 21, 20141016, 888.00, 666.00, 99, '2014-06-23 12:02:59'),
(1359, 6, 21, 20141017, 888.00, 666.00, 99, '2014-06-23 12:02:59'),
(1360, 6, 21, 20141018, 888.00, 666.00, 99, '2014-06-23 12:02:59'),
(1361, 6, 21, 20141019, 888.00, 666.00, 99, '2014-06-23 12:02:59'),
(1362, 6, 21, 20141020, 888.00, 666.00, 99, '2014-06-23 12:02:59'),
(1363, 6, 21, 20141021, 888.00, 666.00, 99, '2014-06-23 12:02:59'),
(1364, 6, 21, 20141022, 888.00, 666.00, 99, '2014-06-23 12:02:59'),
(1365, 6, 21, 20141023, 888.00, 666.00, 99, '2014-06-23 12:02:59'),
(1366, 6, 21, 20141024, 888.00, 666.00, 99, '2014-06-23 12:02:59'),
(1367, 6, 21, 20141025, 888.00, 666.00, 99, '2014-06-23 12:03:00'),
(1368, 6, 21, 20141026, 888.00, 666.00, 99, '2014-06-23 12:03:00'),
(1369, 6, 21, 20141027, 888.00, 666.00, 99, '2014-06-23 12:03:00'),
(1370, 6, 21, 20141028, 888.00, 666.00, 99, '2014-06-23 12:03:00'),
(1371, 6, 21, 20141029, 888.00, 666.00, 99, '2014-06-23 12:03:00'),
(1372, 6, 21, 20141030, 888.00, 666.00, 99, '2014-06-23 12:03:00'),
(1373, 6, 21, 20141031, 888.00, 666.00, 99, '2014-06-23 12:03:00');

-- --------------------------------------------------------

--
-- 表的结构 `shop_product_price_item`
--

CREATE TABLE IF NOT EXISTS `shop_product_price_item` (
  `id` bigint(25) NOT NULL AUTO_INCREMENT,
  `shop_id` bigint(25) NOT NULL,
  `pid` bigint(25) NOT NULL,
  `price_name` varchar(50) NOT NULL,
  `base_price` float(10,2) NOT NULL,
  `min_price` float(8,2) NOT NULL COMMENT '最低价格，脚本计算出来的',
  `adult_descrip` varchar(100) NOT NULL,
  `child_descrip` varchar(100) NOT NULL,
  `start_date` date NOT NULL,
  `end_date` date NOT NULL,
  `start_time` time NOT NULL COMMENT '//活动开始时间',
  `duration` int(11) NOT NULL COMMENT '//持续时间',
  `duration_unit` varchar(20) NOT NULL COMMENT '//持续时间单位',
  `advance_day` int(11) NOT NULL COMMENT '//提前多少天预定',
  `time_range` varchar(50) NOT NULL COMMENT '//活动时间范围',
  `suit_group` varchar(100) NOT NULL COMMENT '//适合群体',
  `people_limit` tinyint(3) NOT NULL,
  `pickup` enum('1','0') NOT NULL COMMENT '//接送服务',
  `lightspot` varchar(500) NOT NULL,
  `fee_descrip` varchar(500) NOT NULL,
  `refund_rule` varchar(500) NOT NULL,
  `create_time` datetime NOT NULL,
  `update_time` datetime NOT NULL,
  PRIMARY KEY (`id`)
) ENGINE=MyISAM  DEFAULT CHARSET=utf8 AUTO_INCREMENT=22 ;

--
-- 转存表中的数据 `shop_product_price_item`
--

INSERT INTO `shop_product_price_item` (`id`, `shop_id`, `pid`, `price_name`, `base_price`, `min_price`, `adult_descrip`, `child_descrip`, `start_date`, `end_date`, `start_time`, `duration`, `duration_unit`, `advance_day`, `time_range`, `suit_group`, `people_limit`, `pickup`, `lightspot`, `fee_descrip`, `refund_rule`, `create_time`, `update_time`) VALUES
(15, 3, 10, '夏日特假', 3000.00, 2400.00, '', '', '2014-06-01', '2014-06-30', '00:00:00', 0, '', 0, '', '', 26, '1', '普罗旺斯的古镇。戛拉啤酒节', '费用包含来回飞机票。酒店费\n不包含吃，玩门票', '提前5天联系', '2014-05-30 09:35:16', '2014-05-30 09:35:16'),
(6, 3, 4, 'wew', 12.00, 0.00, '', '', '2014-05-27', '2014-05-30', '00:00:00', 0, '', 0, '', '', 2, '1', '2', '21', '2', '2014-05-27 09:43:53', '2014-05-27 09:43:53'),
(7, 3, 5, '夏日清爽价', 2300.00, 1200.00, '12岁以上', '12岁以下', '2014-05-28', '2014-07-26', '22:10:00', 120, 'm', 30, '下午', '家庭;亲子;情侣;新婚蜜月', 3, '1', '异域风情', '此费用不包含景区门票', '提前三日', '2014-05-30 14:26:37', '2014-05-30 14:26:37'),
(8, 6, 6, '是打发斯蒂芬', 444.00, 222.00, '12岁以上', '未满12岁', '2014-06-30', '2014-12-31', '00:00:00', 0, '', 0, '', '', 20, '1', '的发生的发生的发打发打发', '阿斯顿发送到发送', '阿斯顿发生大发', '2014-06-03 16:05:16', '2014-06-03 16:05:16'),
(9, 5, 7, '订单', 3.00, 33.00, '', '', '2014-05-06', '2014-05-30', '00:00:00', 0, '', 0, '', '', 2, '1', '3', '3', '3', '2014-05-29 15:46:48', '2014-05-29 15:46:48'),
(16, 6, 6, '列举法类似的', 1999.00, 999.00, '', '', '2014-05-31', '2014-06-28', '00:00:00', 0, '', 0, '', '', 0, '1', '', '', '', '2014-05-30 13:03:56', '2014-05-30 13:03:56'),
(12, 5, 7, '测试', 2.00, 22.00, '', '', '2014-05-21', '2014-08-31', '00:00:00', 0, '', 0, '', '', 2, '1', '3', '3', '3', '2014-05-29 16:02:29', '2014-05-29 16:02:29'),
(13, 5, 7, '33', 3.00, 0.00, '', '', '2014-05-07', '2014-05-31', '00:00:00', 0, '', 0, '', '', 3, '1', '33', '3', '3', '2014-05-29 16:36:28', '2014-05-29 16:36:28'),
(14, 5, 9, '说说', 3.00, 0.00, '', '', '2014-05-01', '2014-05-31', '00:00:00', 0, '', 0, '', '', 3, '1', '3', '3', '2', '2014-05-29 16:37:34', '2014-05-29 16:37:34'),
(17, 7, 11, '1111111111', 7000.00, 0.00, '', '', '0000-00-00', '2014-08-30', '03:00:00', 5, 'h', 55, '上午', '家庭', 127, '1', 'sssssssssssssss', 'aaaaaaaaaa', 'zaaaaaaaaaaaa', '2014-06-03 11:35:28', '2014-06-03 11:35:28'),
(18, 5, 12, '测试', 30.00, 0.00, '', '', '2014-05-30', '2014-06-30', '00:00:00', 20, 'h', 3, '上午', '家庭', 3, '1', '好活动', '公平合理', '无法退改', '2014-06-06 17:27:13', '2014-06-06 17:27:13'),
(19, 5, 13, '基本价格', 300.00, 0.00, '超过12岁', '12岁以下儿童', '2014-06-07', '2014-07-07', '00:00:00', 0, '', 0, '', '', 0, '1', '', '', '', '2014-06-07 10:15:28', '2014-06-07 10:15:28'),
(20, 5, 13, '订单', 900.00, 0.00, '超过12岁', '12岁以下儿童', '2014-06-07', '2014-07-07', '09:00:00', 3, 'h', 3, '上午', '家庭', 3, '1', '好玩', '没有其他费用了', '可以退1次', '2014-06-07 10:24:54', '2014-06-07 10:24:54'),
(21, 6, 14, '撒的发生的', 1088.00, 0.00, '超过12岁', '12岁以下儿童', '2014-06-23', '2014-10-31', '00:00:00', 0, '', 0, '', '', 0, '1', '', '', '', '2014-06-23 12:02:59', '2014-06-23 12:02:59');

-- --------------------------------------------------------

--
-- 表的结构 `shop_product_view_info`
--

CREATE TABLE IF NOT EXISTS `shop_product_view_info` (
  `pid` int(11) NOT NULL,
  `min_price` float(8,2) NOT NULL,
  `update_time` datetime NOT NULL,
  UNIQUE KEY `pid` (`pid`)
) ENGINE=MyISAM DEFAULT CHARSET=utf8;

--
-- 转存表中的数据 `shop_product_view_info`
--

INSERT INTO `shop_product_view_info` (`pid`, `min_price`, `update_time`) VALUES
(4, 0.00, '0000-00-00 00:00:00'),
(5, 1200.00, '0000-00-00 00:00:00'),
(6, 222.00, '0000-00-00 00:00:00'),
(7, 0.00, '0000-00-00 00:00:00'),
(9, 0.00, '0000-00-00 00:00:00'),
(10, 2400.00, '0000-00-00 00:00:00');

-- --------------------------------------------------------

--
-- 表的结构 `travel_topic`
--

CREATE TABLE IF NOT EXISTS `travel_topic` (
  `id` smallint(6) NOT NULL AUTO_INCREMENT,
  `type_id` int(11) NOT NULL,
  `name` varchar(50) NOT NULL,
  PRIMARY KEY (`id`)
) ENGINE=MyISAM  DEFAULT CHARSET=utf8 AUTO_INCREMENT=18 ;

--
-- 转存表中的数据 `travel_topic`
--

INSERT INTO `travel_topic` (`id`, `type_id`, `name`) VALUES
(1, 1, '旅行度假'),
(2, 3, '美食美酒'),
(3, 1, '历史与文化'),
(5, 2, '户外运动'),
(6, 2, '极限运动'),
(7, 2, '水上运动'),
(15, 5, '租借'),
(11, 4, '门票'),
(12, 3, '夜生活'),
(14, 4, '交通卡'),
(16, 5, '保险'),
(17, 5, '服务');

-- --------------------------------------------------------

--
-- 表的结构 `travel_topic_category`
--

CREATE TABLE IF NOT EXISTS `travel_topic_category` (
  `id` int(11) NOT NULL AUTO_INCREMENT,
  `topic_id` int(11) NOT NULL,
  `name` varchar(100) NOT NULL,
  PRIMARY KEY (`id`)
) ENGINE=MyISAM  DEFAULT CHARSET=utf8 AUTO_INCREMENT=115 ;

--
-- 转存表中的数据 `travel_topic_category`
--

INSERT INTO `travel_topic_category` (`id`, `topic_id`, `name`) VALUES
(114, 6, '探洞'),
(113, 6, '攀岩'),
(112, 6, '越野车'),
(111, 6, '蹦极'),
(110, 6, '跳伞'),
(109, 6, '打猎'),
(108, 6, '热气球'),
(107, 6, '滑翔伞'),
(106, 5, '摄影'),
(105, 5, '单车'),
(104, 5, '高尔夫'),
(103, 5, '滑雪'),
(102, 5, '徒步'),
(101, 7, '快艇'),
(100, 7, '帆船'),
(99, 7, '冲浪'),
(98, 7, '皮筏艇'),
(97, 7, '漂流'),
(96, 7, '海钓'),
(95, 7, '潜水'),
(94, 3, '影视基地'),
(93, 3, '工艺艺术'),
(92, 3, '演出表演'),
(91, 3, '土著文化'),
(90, 3, '节庆活动'),
(89, 3, '世界遗址'),
(88, 17, '导游/地陪'),
(87, 17, '接送服务'),
(86, 15, '租车'),
(85, 15, '电话/电话卡'),
(84, 15, 'wifi'),
(83, 12, '其他'),
(82, 12, '夜总会'),
(81, 12, '酒吧'),
(80, 2, '美食美酒'),
(79, 1, '婚纱婚庆'),
(78, 1, '亲近自然'),
(77, 1, '山水游'),
(76, 1, '健康回春'),
(75, 1, '游轮游船'),
(74, 1, '体育赛事'),
(73, 1, '蜜月度假'),
(72, 1, '动植物园'),
(71, 1, '农园林'),
(70, 1, '主题公园'),
(69, 1, '时尚购物'),
(68, 1, '异域风情'),
(67, 1, '浪漫海岛');

-- --------------------------------------------------------

--
-- 表的结构 `travel_type`
--

CREATE TABLE IF NOT EXISTS `travel_type` (
  `id` int(11) NOT NULL AUTO_INCREMENT,
  `name` varchar(100) NOT NULL,
  PRIMARY KEY (`id`)
) ENGINE=MyISAM  DEFAULT CHARSET=utf8 AUTO_INCREMENT=6 ;

--
-- 转存表中的数据 `travel_type`
--

INSERT INTO `travel_type` (`id`, `name`) VALUES
(1, '旅行'),
(2, '户外主题'),
(3, '美食与夜生活'),
(4, '票务'),
(5, '行前必备');
